Age,Gender,MaritalStatus,DistanceFromHome,Attrition,BusinessTravel,Department,JobRole,JobLevel,Education,EducationField,MonthlyIncome,PercentSalaryHike,StockOptionLevel,TotalWorkingYears,NumCompaniesWorked,YearsAtCompany,YearsInCurrentRole,YearsSinceLastPromotion,YearsWithCurrManager,TrainingTimesLastYear,EnvironmentSatisfaction,JobSatisfaction,JobInvolvement,PerformanceRating,RelationshipSatisfaction,WorkLifeBalance,OverTime,Distance_Group,Age_Group,Hike_Group,JobSat_Label,Stock_Label,IncomeBand
41,Female,Single,1,Yes,Travel_Rarely,Sales,Sales Executive,2,2,Life Sciences,5993,11,0,8,8,6,4,0,5,0,2,4,3,3,1,1,Yes,Close (0-5km),Experienced (41+),Standard (11-14%),Very High,None,Medium
49,Male,Married,8,No,Travel_Frequently,Research & Development,Research Scientist,2,1,Life Sciences,5130,23,1,10,1,10,7,1,7,3,3,2,2,4,4,3,No,Moderate (6-15km),Experienced (41+),Top Tier (19-25%),Medium,Low,Medium
37,Male,Single,2,Yes,Travel_Rarely,Research & Development,Laboratory Technician,1,2,Other,2090,15,0,7,6,0,0,0,0,3,4,3,2,3,2,3,Yes,Close (0-5km),Mid Career (29-40),High (15-18%),High,None,Low
33,Female,Married,3,No,Travel_Frequently,Research & Development,Research Scientist,1,4,Life Sciences,2909,11,0,8,1,8,7,3,0,3,4,3,3,3,3,3,Yes,Close (0-5km),Mid Career (29-40),Standard (11-14%),High,None,Low
27,Male,Married,2,No,Travel_Rarely,Research & Development,Laboratory Technician,1,1,Medical,3468,12,1,6,9,2,2,2,2,3,1,2,3,3,4,3,No,Close (0-5km),Early Career (18-28),Standard (11-14%),Medium,Low,Low
32,Male,Single,2,No,Travel_Frequently,Research & Development,Laboratory Technician,1,2,Life Sciences,3068,13,0,8,0,7,7,3,6,2,4,4,3,3,3,2,No,Close (0-5km),Mid Career (29-40),Standard (11-14%),Very High,None,Low
59,Female,Married,3,No,Travel_Rarely,Research & Development,Laboratory Technician,1,3,Medical,2670,20,3,12,4,1,0,0,0,3,3,1,4,4,1,2,Yes,Close (0-5km),Experienced (41+),Top Tier (19-25%),Low,High,Low
30,Male,Divorced,24,No,Travel_Rarely,Research & Development,Laboratory Technician,1,1,Life Sciences,2693,22,1,1,1,1,0,0,0,2,4,3,3,4,2,3,No,Far (16+ km),Mid Career (29-40),Top Tier (19-25%),High,Low,Low
38,Male,Single,23,No,Travel_Frequently,Research & Development,Manufacturing Director,3,3,Life Sciences,9526,21,0,10,0,9,7,1,8,2,4,3,2,4,2,3,No,Far (16+ km),Mid Career (29-40),Top Tier (19-25%),High,None,High
36,Male,Married,27,No,Travel_Rarely,Research & Development,Healthcare Representative,2,3,Medical,5237,13,2,17,6,7,7,7,7,3,3,3,3,3,2,2,No,Far (16+ km),Mid Career (29-40),Standard (11-14%),High,Medium,Medium
35,Male,Married,16,No,Travel_Rarely,Research & Development,Laboratory Technician,1,3,Medical,2426,13,1,6,0,5,4,0,3,5,1,2,4,3,3,3,No,Far (16+ km),Mid Career (29-40),Standard (11-14%),Medium,Low,Low
29,Female,Single,15,No,Travel_Rarely,Research & Development,Laboratory Technician,2,2,Life Sciences,4193,12,0,10,0,9,5,0,8,3,4,3,2,3,4,3,Yes,Moderate (6-15km),Mid Career (29-40),Standard (11-14%),High,None,Medium
31,Male,Divorced,26,No,Travel_Rarely,Research & Development,Research Scientist,1,1,Life Sciences,2911,17,1,5,1,5,2,4,3,1,1,3,3,3,4,2,No,Far (16+ km),Mid Career (29-40),High (15-18%),High,Low,Low
34,Male,Divorced,19,No,Travel_Rarely,Research & Development,Laboratory Technician,1,2,Medical,2661,11,1,3,0,2,2,1,2,2,2,4,3,3,3,3,No,Far (16+ km),Mid Career (29-40),Standard (11-14%),Very High,Low,Low
28,Male,Single,24,Yes,Travel_Rarely,Research & Development,Laboratory Technician,1,3,Life Sciences,2028,14,0,6,5,4,2,0,3,4,3,3,2,3,2,3,Yes,Far (16+ km),Early Career (18-28),Standard (11-14%),High,None,Low
29,Female,Divorced,21,No,Travel_Rarely,Research & Development,Manufacturing Director,3,4,Life Sciences,9980,11,1,10,1,10,9,8,8,1,2,1,4,3,3,3,No,Far (16+ km),Mid Career (29-40),Standard (11-14%),Low,Low,High
32,Male,Divorced,5,No,Travel_Rarely,Research & Development,Research Scientist,1,2,Life Sciences,3298,12,2,7,0,6,2,0,5,5,1,2,4,3,4,2,Yes,Close (0-5km),Mid Career (29-40),Standard (11-14%),Medium,Medium,Low
22,Male,Divorced,16,No,Non-Travel,Research & Development,Laboratory Technician,1,2,Medical,2935,13,2,1,1,1,0,0,0,2,4,4,4,3,2,2,Yes,Far (16+ km),Early Career (18-28),Standard (11-14%),Very High,Medium,Low
53,Female,Married,2,No,Travel_Rarely,Sales,Manager,4,4,Life Sciences,15427,16,0,31,2,25,8,3,7,3,1,4,2,3,3,3,No,Close (0-5km),Experienced (41+),High (15-18%),Very High,None,High
38,Male,Single,2,No,Travel_Rarely,Research & Development,Research Scientist,1,3,Life Sciences,3944,11,0,6,5,3,2,1,2,3,4,4,3,3,3,3,Yes,Close (0-5km),Mid Career (29-40),Standard (11-14%),Very High,None,Medium
24,Female,Divorced,11,No,Non-Travel,Research & Development,Manufacturing Director,2,2,Other,4011,18,1,5,0,4,2,1,3,5,1,3,4,3,4,2,No,Moderate (6-15km),Early Career (18-28),High (15-18%),High,Low,Medium
36,Male,Single,9,Yes,Travel_Rarely,Sales,Sales Representative,1,4,Life Sciences,3407,23,0,10,7,5,3,0,3,4,3,1,2,4,2,3,No,Moderate (6-15km),Mid Career (29-40),Top Tier (19-25%),Low,None,Low
34,Female,Single,7,No,Travel_Rarely,Research & Development,Research Director,3,4,Life Sciences,11994,11,0,13,0,12,6,2,11,4,1,2,3,3,3,3,No,Moderate (6-15km),Mid Career (29-40),Standard (11-14%),Medium,None,High
21,Male,Single,15,No,Travel_Rarely,Research & Development,Research Scientist,1,2,Life Sciences,1232,14,0,0,1,0,0,0,0,6,3,4,3,3,4,3,No,Moderate (6-15km),Early Career (18-28),Standard (11-14%),Very High,None,Low
34,Male,Single,6,Yes,Travel_Rarely,Research & Development,Research Scientist,1,1,Medical,2960,11,0,8,2,4,2,1,3,2,2,1,3,3,3,3,No,Moderate (6-15km),Mid Career (29-40),Standard (11-14%),Low,None,Low
53,Female,Divorced,5,No,Travel_Rarely,Research & Development,Manager,5,3,Other,19094,11,1,26,4,14,13,4,8,3,3,3,3,3,4,2,No,Close (0-5km),Experienced (41+),Standard (11-14%),High,Low,High
32,Female,Single,16,Yes,Travel_Frequently,Research & Development,Research Scientist,1,1,Life Sciences,3919,22,0,10,1,10,2,6,7,5,2,1,1,4,2,3,Yes,Far (16+ km),Mid Career (29-40),Top Tier (19-25%),Low,None,Medium
42,Male,Married,8,No,Travel_Rarely,Sales,Sales Executive,2,4,Marketing,6825,11,1,10,0,9,7,4,2,2,3,2,3,3,4,3,No,Moderate (6-15km),Experienced (41+),Standard (11-14%),Medium,Low,High
44,Female,Married,7,No,Travel_Rarely,Research & Development,Healthcare Representative,3,4,Medical,10248,14,1,24,3,22,6,5,17,4,1,4,2,3,4,3,No,Moderate (6-15km),Experienced (41+),Standard (11-14%),Very High,Low,High
46,Female,Single,2,No,Travel_Rarely,Sales,Manager,5,4,Marketing,18947,12,0,22,3,2,2,2,1,2,2,1,3,3,4,2,No,Close (0-5km),Experienced (41+),Standard (11-14%),Low,None,High
33,Male,Single,2,No,Travel_Rarely,Research & Development,Laboratory Technician,1,3,Medical,2496,11,0,7,4,1,1,0,0,3,3,4,3,3,4,3,No,Close (0-5km),Mid Career (29-40),Standard (11-14%),Very High,None,Low
44,Male,Married,10,No,Travel_Rarely,Research & Development,Healthcare Representative,2,4,Other,6465,13,0,9,2,4,2,1,3,5,4,4,3,3,4,4,Yes,Moderate (6-15km),Experienced (41+),Standard (11-14%),Very High,None,Medium
30,Male,Single,9,No,Travel_Rarely,Research & Development,Laboratory Technician,1,2,Medical,2206,13,0,10,1,10,0,1,8,5,4,3,2,3,1,3,No,Moderate (6-15km),Mid Career (29-40),Standard (11-14%),High,None,Low
39,Male,Married,5,Yes,Travel_Rarely,Sales,Sales Representative,2,3,Technical Degree,2086,14,1,19,3,1,0,0,0,6,4,4,3,3,3,4,No,Close (0-5km),Mid Career (29-40),Standard (11-14%),Very High,Low,Low
24,Male,Married,1,Yes,Travel_Rarely,Research & Development,Research Scientist,1,3,Medical,2293,16,1,6,2,2,0,2,0,2,2,4,3,3,1,2,Yes,Close (0-5km),Early Career (18-28),High (15-18%),Very High,Low,Low
43,Female,Divorced,2,No,Travel_Rarely,Research & Development,Research Scientist,1,2,Medical,2645,12,2,6,1,5,3,1,4,3,4,3,4,3,4,2,No,Close (0-5km),Experienced (41+),Standard (11-14%),High,Medium,Low
50,Male,Married,3,Yes,Travel_Rarely,Sales,Sales Representative,1,2,Marketing,2683,14,0,3,1,3,2,0,2,2,1,3,2,3,3,3,Yes,Close (0-5km),Experienced (41+),Standard (11-14%),High,None,Low
35,Female,Married,2,No,Travel_Rarely,Sales,Sales Representative,1,3,Marketing,2014,13,0,2,1,2,2,2,2,3,4,4,3,3,1,3,No,Close (0-5km),Mid Career (29-40),Standard (11-14%),Very High,None,Low
36,Female,Married,5,No,Travel_Rarely,Research & Development,Research Scientist,1,4,Life Sciences,3419,14,1,6,9,1,1,0,0,3,2,1,2,3,4,4,Yes,Close (0-5km),Mid Career (29-40),Standard (11-14%),Low,Low,Low
33,Female,Married,1,No,Travel_Frequently,Sales,Sales Executive,2,3,Life Sciences,5376,19,2,10,2,5,3,1,3,3,3,1,4,3,1,3,No,Close (0-5km),Mid Career (29-40),Top Tier (19-25%),Low,Medium,Medium
35,Male,Divorced,4,No,Travel_Rarely,Research & Development,Laboratory Technician,1,2,Other,1951,12,1,1,1,1,0,0,0,3,3,4,3,3,3,3,No,Close (0-5km),Mid Career (29-40),Standard (11-14%),Very High,Low,Low
27,Female,Divorced,2,No,Travel_Rarely,Research & Development,Laboratory Technician,1,4,Life Sciences,2341,13,1,1,1,1,0,0,0,6,4,1,3,3,4,3,No,Close (0-5km),Early Career (18-28),Standard (11-14%),Low,Low,Low
26,Male,Single,25,Yes,Travel_Rarely,Research & Development,Laboratory Technician,1,3,Life Sciences,2293,12,0,1,1,1,0,0,1,2,1,3,1,3,3,2,No,Far (16+ km),Early Career (18-28),Standard (11-14%),High,None,Low
27,Male,Single,8,No,Travel_Frequently,Sales,Sales Executive,3,3,Life Sciences,8726,15,0,9,1,9,8,1,7,0,4,3,3,3,4,3,No,Moderate (6-15km),Early Career (18-28),High (15-18%),High,None,High
30,Female,Single,1,No,Travel_Frequently,Research & Development,Laboratory Technician,2,2,Medical,4011,23,0,12,1,12,8,3,7,2,3,4,3,4,4,3,No,Close (0-5km),Mid Career (29-40),Top Tier (19-25%),Very High,None,Medium
41,Female,Married,12,Yes,Travel_Rarely,Research & Development,Research Director,5,3,Technical Degree,19545,12,0,23,1,22,15,15,8,0,2,3,3,3,4,3,No,Moderate (6-15km),Experienced (41+),Standard (11-14%),High,None,High
34,Male,Single,23,No,Non-Travel,Sales,Sales Executive,2,4,Marketing,4568,20,0,10,0,9,5,8,7,2,2,3,3,4,3,3,No,Far (16+ km),Mid Career (29-40),Top Tier (19-25%),High,None,Medium
37,Male,Married,19,No,Travel_Rarely,Research & Development,Research Scientist,1,2,Life Sciences,3022,21,0,8,4,1,0,0,0,1,2,2,3,4,1,3,No,Far (16+ km),Mid Career (29-40),Top Tier (19-25%),Medium,None,Low
46,Male,Single,5,No,Travel_Frequently,Sales,Sales Executive,2,4,Marketing,5772,21,0,14,4,9,6,0,8,4,1,4,3,4,3,3,Yes,Close (0-5km),Experienced (41+),Top Tier (19-25%),Very High,None,Medium
35,Male,Married,8,No,Travel_Rarely,Research & Development,Laboratory Technician,1,1,Life Sciences,2269,19,0,1,1,1,0,0,1,2,4,4,4,3,4,3,No,Moderate (6-15km),Mid Career (29-40),Top Tier (19-25%),Very High,None,Low
48,Male,Single,1,Yes,Travel_Rarely,Research & Development,Laboratory Technician,3,2,Life Sciences,5381,13,0,23,9,1,0,0,0,2,1,3,2,3,4,3,Yes,Close (0-5km),Experienced (41+),Standard (11-14%),High,None,Medium
28,Male,Single,5,Yes,Travel_Rarely,Research & Development,Laboratory Technician,1,4,Technical Degree,3441,13,0,2,1,2,2,2,2,3,3,3,3,3,3,2,Yes,Close (0-5km),Early Career (18-28),Standard (11-14%),High,None,Low
44,Female,Divorced,1,No,Travel_Rarely,Sales,Sales Executive,2,5,Marketing,5454,21,1,9,5,4,3,1,3,2,2,1,3,4,3,2,Yes,Close (0-5km),Experienced (41+),Top Tier (19-25%),Low,Low,Medium
35,Male,Married,11,No,Non-Travel,Research & Development,Healthcare Representative,3,2,Medical,9884,13,1,10,2,4,0,2,3,3,3,1,2,3,3,3,Yes,Moderate (6-15km),Mid Career (29-40),Standard (11-14%),Low,Low,High
26,Female,Married,23,No,Travel_Rarely,Sales,Sales Executive,2,3,Marketing,4157,19,1,5,7,2,2,0,0,2,3,4,2,3,3,2,Yes,Far (16+ km),Early Career (18-28),Top Tier (19-25%),Very High,Low,Medium
33,Female,Single,1,No,Travel_Frequently,Research & Development,Research Director,3,2,Life Sciences,13458,12,0,15,1,15,14,8,12,1,1,4,3,3,3,3,Yes,Close (0-5km),Mid Career (29-40),Standard (11-14%),Very High,None,High
35,Male,Married,18,No,Travel_Frequently,Sales,Sales Executive,3,5,Life Sciences,9069,22,1,9,1,9,8,1,8,3,2,1,3,4,4,2,No,Far (16+ km),Mid Career (29-40),Top Tier (19-25%),Low,Low,High
35,Female,Married,23,No,Travel_Rarely,Research & Development,Laboratory Technician,1,4,Medical,4014,15,1,4,3,2,2,2,2,3,3,1,3,3,3,3,Yes,Far (16+ km),Mid Career (29-40),High (15-18%),Low,Low,Medium
31,Male,Divorced,7,No,Travel_Rarely,Research & Development,Laboratory Technician,2,4,Life Sciences,5915,22,1,10,3,7,7,1,7,3,4,4,3,4,4,2,No,Moderate (6-15km),Mid Career (29-40),Top Tier (19-25%),Very High,Low,Medium
37,Male,Divorced,1,No,Travel_Rarely,Research & Development,Manufacturing Director,2,4,Life Sciences,5993,18,1,7,1,7,5,0,7,2,1,3,2,3,3,4,No,Close (0-5km),Mid Career (29-40),High (15-18%),High,Low,Medium
32,Male,Married,1,No,Travel_Rarely,Research & Development,Manufacturing Director,2,3,Medical,6162,22,1,9,1,9,8,7,8,3,1,4,3,4,2,3,Yes,Close (0-5km),Mid Career (29-40),Top Tier (19-25%),Very High,Low,Medium
38,Female,Single,29,No,Travel_Frequently,Research & Development,Laboratory Technician,2,5,Life Sciences,2406,11,0,10,1,10,3,9,9,2,4,4,3,3,4,3,No,Far (16+ km),Mid Career (29-40),Standard (11-14%),Very High,None,Low
50,Female,Divorced,7,No,Travel_Rarely,Research & Development,Research Director,5,2,Medical,18740,12,1,29,5,27,3,13,8,2,2,3,2,3,4,2,Yes,Moderate (6-15km),Experienced (41+),Standard (11-14%),High,Low,High
59,Female,Single,25,No,Travel_Rarely,Sales,Sales Executive,3,3,Life Sciences,7637,11,0,28,7,21,16,7,9,3,1,1,3,3,4,2,No,Far (16+ km),Experienced (41+),Standard (11-14%),Low,None,High
36,Female,Divorced,8,No,Travel_Rarely,Research & Development,Healthcare Representative,3,3,Technical Degree,10096,13,3,17,1,17,14,12,8,2,3,3,3,3,2,3,No,Moderate (6-15km),Mid Career (29-40),Standard (11-14%),High,High,High
55,Female,Divorced,8,No,Travel_Rarely,Research & Development,Manager,4,3,Medical,14756,14,3,21,2,5,0,0,2,2,4,3,3,3,3,3,Yes,Moderate (6-15km),Experienced (41+),Standard (11-14%),High,High,High
36,Male,Single,11,No,Travel_Frequently,Research & Development,Manufacturing Director,2,3,Life Sciences,6499,13,0,6,1,6,5,0,3,3,2,2,2,3,3,3,No,Moderate (6-15km),Mid Career (29-40),Standard (11-14%),Medium,None,Medium
45,Male,Divorced,7,No,Travel_Rarely,Research & Development,Research Scientist,3,3,Life Sciences,9724,17,1,25,2,1,0,0,0,2,2,1,3,3,3,3,No,Moderate (6-15km),Experienced (41+),High (15-18%),Low,Low,High
35,Male,Married,1,No,Travel_Frequently,Research & Development,Research Scientist,1,3,Medical,2194,13,1,5,4,3,2,1,2,2,2,1,3,3,4,2,No,Close (0-5km),Mid Career (29-40),Standard (11-14%),Low,Low,Low
36,Male,Married,9,Yes,Travel_Rarely,Research & Development,Research Scientist,1,3,Medical,3388,17,1,2,0,1,0,0,0,0,4,3,2,3,1,2,Yes,Moderate (6-15km),Mid Career (29-40),High (15-18%),High,Low,Low
59,Female,Single,1,No,Travel_Frequently,Sales,Sales Executive,2,1,Life Sciences,5473,11,0,20,7,4,3,1,3,2,1,3,2,3,4,2,No,Close (0-5km),Experienced (41+),Standard (11-14%),High,None,Medium
29,Male,Married,2,No,Travel_Rarely,Research & Development,Research Scientist,1,3,Life Sciences,2703,23,1,6,0,5,4,0,4,3,3,2,3,4,4,3,No,Close (0-5km),Mid Career (29-40),Top Tier (19-25%),Medium,Low,Low
31,Male,Single,1,No,Travel_Rarely,Research & Development,Research Scientist,1,4,Medical,2501,17,0,1,1,1,1,1,0,4,3,2,3,3,2,3,No,Close (0-5km),Mid Career (29-40),High (15-18%),Medium,None,Low
32,Male,Married,1,No,Travel_Rarely,Research & Development,Research Scientist,2,3,Life Sciences,6220,17,2,10,1,10,4,0,9,3,2,2,3,3,2,3,No,Close (0-5km),Mid Career (29-40),High (15-18%),Medium,Medium,Medium
36,Female,Married,6,No,Travel_Rarely,Research & Development,Laboratory Technician,1,3,Life Sciences,3038,12,0,5,3,1,0,0,0,3,2,4,4,3,2,3,No,Moderate (6-15km),Mid Career (29-40),Standard (11-14%),Very High,None,Low
31,Female,Single,8,No,Travel_Rarely,Research & Development,Manufacturing Director,2,4,Life Sciences,4424,23,0,11,1,11,7,1,8,2,3,4,3,4,4,3,No,Moderate (6-15km),Mid Career (29-40),Top Tier (19-25%),Very High,None,Medium
35,Male,Single,1,No,Travel_Rarely,Sales,Sales Executive,2,4,Marketing,4312,14,0,16,0,15,13,2,8,2,3,1,2,3,2,3,No,Close (0-5km),Mid Career (29-40),Standard (11-14%),Low,None,Medium
45,Male,Married,6,No,Travel_Rarely,Research & Development,Research Director,3,4,Other,13245,14,0,17,4,0,0,0,0,3,4,1,3,3,2,4,Yes,Moderate (6-15km),Experienced (41+),Standard (11-14%),Low,None,High
37,Male,Single,7,No,Travel_Rarely,Research & Development,Research Director,3,4,Medical,13664,13,0,16,4,5,2,0,2,3,1,3,3,3,1,4,No,Moderate (6-15km),Mid Career (29-40),Standard (11-14%),High,None,High
46,Male,Divorced,5,No,Travel_Rarely,Human Resources,Human Resources,2,2,Medical,5021,22,1,16,8,4,2,0,2,2,2,2,3,4,4,3,Yes,Close (0-5km),Experienced (41+),Top Tier (19-25%),Medium,Low,Medium
30,Male,Married,1,No,Travel_Rarely,Research & Development,Laboratory Technician,2,1,Life Sciences,5126,12,2,10,1,10,8,3,0,1,4,4,2,3,3,2,Yes,Close (0-5km),Mid Career (29-40),Standard (11-14%),Very High,Medium,Medium
35,Male,Single,1,No,Travel_Rarely,Research & Development,Research Scientist,1,3,Medical,2859,18,0,6,1,6,4,0,4,3,2,3,2,3,1,3,No,Close (0-5km),Mid Career (29-40),High (15-18%),High,None,Low
55,Male,Married,1,No,Travel_Rarely,Sales,Sales Executive,3,2,Life Sciences,10239,14,1,24,3,1,0,1,0,4,1,4,3,3,4,3,No,Close (0-5km),Experienced (41+),Standard (11-14%),Very High,Low,High
38,Female,Divorced,6,No,Non-Travel,Research & Development,Research Scientist,2,3,Medical,5329,12,3,17,7,13,11,1,9,3,2,4,1,3,4,3,Yes,Moderate (6-15km),Mid Career (29-40),Standard (11-14%),Very High,High,Medium
34,Male,Married,1,No,Travel_Rarely,Research & Development,Manufacturing Director,2,2,Medical,4325,15,0,5,1,5,2,1,3,2,1,2,3,3,3,3,No,Close (0-5km),Mid Career (29-40),High (15-18%),Medium,None,Medium
56,Male,Single,7,No,Travel_Rarely,Research & Development,Manufacturing Director,3,3,Life Sciences,7260,11,0,37,4,6,4,0,2,3,4,4,1,3,1,2,No,Moderate (6-15km),Experienced (41+),Standard (11-14%),Very High,None,High
23,Male,Divorced,2,No,Travel_Rarely,Sales,Sales Representative,1,1,Technical Degree,2322,13,1,3,3,0,0,0,0,3,3,1,3,3,3,3,No,Close (0-5km),Early Career (18-28),Standard (11-14%),Low,Low,Low
51,Male,Married,9,No,Travel_Rarely,Research & Development,Laboratory Technician,1,4,Life Sciences,2075,23,2,10,3,4,2,0,3,4,4,4,3,4,2,3,No,Moderate (6-15km),Experienced (41+),Top Tier (19-25%),Very High,Medium,Low
30,Male,Married,2,No,Travel_Rarely,Research & Development,Healthcare Representative,2,3,Life Sciences,4152,19,3,11,1,11,10,10,8,3,3,4,2,3,1,3,No,Close (0-5km),Mid Career (29-40),Top Tier (19-25%),Very High,High,Medium
46,Male,Single,9,Yes,Travel_Rarely,Sales,Sales Executive,3,2,Medical,9619,16,0,9,1,9,8,4,7,3,3,4,2,3,4,3,No,Moderate (6-15km),Experienced (41+),High (15-18%),Very High,None,High
40,Male,Married,1,No,Travel_Frequently,Research & Development,Healthcare Representative,4,4,Life Sciences,13503,22,1,22,1,22,3,11,11,3,3,2,2,4,4,2,No,Close (0-5km),Mid Career (29-40),Top Tier (19-25%),Medium,Low,High
51,Male,Single,21,No,Travel_Rarely,Sales,Sales Executive,2,4,Marketing,5441,22,0,11,0,10,7,1,0,2,3,4,3,4,4,1,Yes,Far (16+ km),Experienced (41+),Top Tier (19-25%),Very High,None,Medium
30,Female,Divorced,4,No,Travel_Rarely,Sales,Sales Executive,2,2,Medical,5209,12,3,11,1,11,8,2,7,4,3,2,2,3,2,2,Yes,Close (0-5km),Mid Career (29-40),Standard (11-14%),Medium,High,Medium
46,Male,Married,1,No,Travel_Frequently,Research & Development,Healthcare Representative,3,3,Medical,10673,13,1,21,2,10,9,9,5,5,3,1,2,3,3,2,Yes,Close (0-5km),Experienced (41+),Standard (11-14%),Low,Low,High
32,Male,Single,6,No,Travel_Rarely,Sales,Sales Executive,2,4,Medical,5010,16,0,12,1,11,8,5,7,0,2,3,3,3,1,3,No,Moderate (6-15km),Mid Career (29-40),High (15-18%),High,None,Medium
54,Female,Married,2,No,Travel_Rarely,Research & Development,Research Director,3,4,Technical Degree,13549,12,1,16,9,4,3,0,3,5,1,3,3,3,1,1,No,Close (0-5km),Experienced (41+),Standard (11-14%),High,Low,High
24,Female,Married,3,No,Travel_Rarely,Sales,Sales Executive,2,2,Other,4999,21,1,4,0,3,2,0,2,2,1,3,3,4,1,2,No,Close (0-5km),Early Career (18-28),Top Tier (19-25%),High,Low,Medium
28,Male,Married,4,No,Non-Travel,Sales,Sales Executive,2,3,Medical,4221,15,0,5,1,5,4,0,4,3,2,3,3,3,2,4,No,Close (0-5km),Early Career (18-28),High (15-18%),High,None,Medium
58,Male,Single,10,No,Travel_Rarely,Sales,Sales Executive,4,4,Medical,13872,13,0,38,0,37,10,1,8,1,4,3,3,3,3,2,No,Moderate (6-15km),Experienced (41+),Standard (11-14%),High,None,High
44,Male,Married,23,No,Non-Travel,Research & Development,Laboratory Technician,2,3,Medical,2042,12,1,17,4,3,2,1,2,3,2,2,3,3,3,4,No,Far (16+ km),Experienced (41+),Standard (11-14%),Medium,Low,Low
37,Male,Divorced,6,Yes,Travel_Rarely,Human Resources,Human Resources,1,4,Human Resources,2073,22,0,7,4,3,2,0,2,3,3,1,3,4,4,3,Yes,Moderate (6-15km),Mid Career (29-40),Top Tier (19-25%),Low,None,Low
32,Male,Single,1,No,Travel_Rarely,Research & Development,Research Scientist,1,1,Life Sciences,2956,13,0,1,1,1,0,0,0,2,4,1,3,3,4,3,No,Close (0-5km),Mid Career (29-40),Standard (11-14%),Low,None,Low
20,Female,Single,6,Yes,Travel_Frequently,Research & Development,Laboratory Technician,1,3,Life Sciences,2926,18,0,1,1,1,0,1,0,5,4,4,2,3,2,3,Yes,Moderate (6-15km),Early Career (18-28),High (15-18%),Very High,None,Low
34,Female,Single,6,No,Travel_Rarely,Research & Development,Research Scientist,2,4,Other,4809,14,0,16,1,16,13,2,10,3,1,3,3,3,3,3,No,Moderate (6-15km),Mid Career (29-40),Standard (11-14%),High,None,Medium
37,Male,Divorced,2,No,Non-Travel,Research & Development,Healthcare Representative,2,2,Life Sciences,5163,14,1,17,5,1,0,0,0,2,3,4,2,3,4,4,No,Close (0-5km),Mid Career (29-40),Standard (11-14%),Very High,Low,Medium
59,Female,Married,2,No,Non-Travel,Human Resources,Manager,5,4,Human Resources,18844,21,1,30,9,3,2,2,2,3,3,4,2,4,4,3,No,Close (0-5km),Experienced (41+),Top Tier (19-25%),Very High,Low,High
50,Female,Married,1,No,Travel_Frequently,Research & Development,Research Director,5,3,Life Sciences,18172,19,0,28,3,8,3,0,7,1,1,2,3,3,1,2,Yes,Close (0-5km),Experienced (41+),Top Tier (19-25%),Medium,None,High
25,Male,Single,5,Yes,Travel_Rarely,Sales,Sales Executive,2,3,Marketing,5744,11,0,6,1,6,4,0,3,1,3,3,2,3,4,3,Yes,Close (0-5km),Early Career (18-28),Standard (11-14%),High,None,Medium
25,Male,Married,7,No,Travel_Rarely,Research & Development,Research Scientist,1,1,Medical,2889,11,2,2,1,2,2,2,1,2,4,4,2,3,3,3,No,Moderate (6-15km),Early Career (18-28),Standard (11-14%),Very High,Medium,Low
22,Female,Single,15,No,Travel_Rarely,Research & Development,Laboratory Technician,1,3,Medical,2871,15,0,1,1,0,0,0,0,5,2,4,3,3,3,3,No,Moderate (6-15km),Early Career (18-28),High (15-18%),Very High,None,Low
51,Female,Single,1,No,Travel_Frequently,Research & Development,Healthcare Representative,3,4,Medical,7484,20,0,23,3,13,12,12,8,1,1,1,2,4,3,2,No,Close (0-5km),Experienced (41+),Top Tier (19-25%),Low,None,High
34,Male,Single,7,Yes,Travel_Frequently,Research & Development,Laboratory Technician,2,3,Life Sciences,6074,24,0,9,1,9,7,0,6,3,1,3,1,4,4,3,Yes,Moderate (6-15km),Mid Career (29-40),Top Tier (19-25%),High,None,Medium
54,Female,Single,26,No,Non-Travel,Human Resources,Manager,4,3,Human Resources,17328,12,0,23,2,5,3,4,4,3,4,4,4,3,3,3,Yes,Far (16+ km),Experienced (41+),Standard (11-14%),Very High,None,High
24,Male,Married,18,No,Travel_Rarely,Research & Development,Laboratory Technician,1,1,Life Sciences,2774,12,1,6,0,5,3,1,2,2,2,3,3,3,3,3,No,Far (16+ km),Early Career (18-28),Standard (11-14%),High,Low,Low
34,Female,Divorced,6,No,Travel_Rarely,Research & Development,Research Scientist,2,4,Life Sciences,4505,15,1,12,6,1,0,0,0,3,3,2,2,3,3,3,No,Moderate (6-15km),Mid Career (29-40),High (15-18%),Medium,Low,Medium
37,Male,Single,3,No,Travel_Rarely,Sales,Sales Executive,3,3,Life Sciences,7428,12,0,12,2,5,3,1,3,3,3,4,3,3,1,3,No,Close (0-5km),Mid Career (29-40),Standard (11-14%),Very High,None,High
34,Female,Single,5,No,Travel_Rarely,Research & Development,Manager,3,3,Medical,11631,12,0,14,2,11,10,5,8,6,3,1,2,3,4,3,No,Close (0-5km),Mid Career (29-40),Standard (11-14%),Low,None,High
36,Female,Married,11,No,Travel_Frequently,Sales,Sales Executive,3,2,Technical Degree,9738,14,1,10,0,9,7,2,8,6,2,4,3,3,3,3,No,Moderate (6-15km),Mid Career (29-40),Standard (11-14%),Very High,Low,High
36,Female,Divorced,3,No,Travel_Rarely,Research & Development,Laboratory Technician,1,2,Life Sciences,2835,22,1,7,5,1,0,0,0,2,1,4,3,4,1,3,No,Close (0-5km),Mid Career (29-40),Top Tier (19-25%),Very High,Low,Low
43,Male,Married,26,No,Travel_Frequently,Sales,Manager,4,2,Life Sciences,16959,12,2,25,1,25,12,4,12,3,3,4,3,3,4,4,Yes,Far (16+ km),Experienced (41+),Standard (11-14%),Very High,Medium,High
30,Male,Divorced,23,No,Travel_Frequently,Research & Development,Research Scientist,1,3,Life Sciences,2613,25,3,10,1,10,7,0,9,2,1,3,1,4,3,2,No,Far (16+ km),Mid Career (29-40),Top Tier (19-25%),High,High,Low
33,Male,Married,22,No,Non-Travel,Sales,Sales Executive,2,2,Marketing,6146,13,1,8,0,7,7,0,7,2,3,2,3,3,1,4,No,Far (16+ km),Mid Career (29-40),Standard (11-14%),Medium,Low,Medium
56,Female,Married,14,Yes,Travel_Rarely,Research & Development,Research Scientist,1,4,Life Sciences,4963,18,3,7,9,5,4,4,3,2,2,2,3,3,1,3,Yes,Moderate (6-15km),Experienced (41+),High (15-18%),Medium,High,Medium
51,Male,Single,6,No,Travel_Rarely,Research & Development,Research Director,5,3,Life Sciences,19537,13,0,23,7,20,18,15,15,5,1,3,3,3,3,3,No,Moderate (6-15km),Experienced (41+),Standard (11-14%),High,None,High
31,Male,Married,6,Yes,Travel_Rarely,Sales,Sales Executive,2,4,Life Sciences,6172,18,0,12,4,7,7,7,7,3,2,3,1,3,2,2,Yes,Moderate (6-15km),Mid Career (29-40),High (15-18%),High,None,Medium
26,Female,Married,6,No,Travel_Rarely,Research & Development,Research Scientist,1,3,Other,2368,19,0,5,1,5,4,4,3,3,3,2,2,3,3,2,No,Moderate (6-15km),Early Career (18-28),Top Tier (19-25%),Medium,None,Low
58,Female,Married,23,Yes,Travel_Rarely,Research & Development,Healthcare Representative,3,4,Medical,10312,12,1,40,1,40,10,15,6,3,4,4,3,3,4,2,No,Far (16+ km),Experienced (41+),Standard (11-14%),Very High,Low,High
19,Male,Single,22,Yes,Travel_Rarely,Sales,Sales Representative,1,1,Marketing,1675,19,0,0,1,0,0,0,0,2,4,3,3,3,4,2,Yes,Far (16+ km),Early Career (18-28),Top Tier (19-25%),High,None,Low
22,Male,Married,2,No,Travel_Rarely,Research & Development,Laboratory Technician,1,1,Technical Degree,2523,14,1,3,0,2,1,2,1,2,3,4,3,3,3,3,No,Close (0-5km),Early Career (18-28),Standard (11-14%),Very High,Low,Low
49,Female,Married,20,No,Travel_Rarely,Research & Development,Manufacturing Director,2,4,Medical,6567,14,0,16,1,15,11,5,11,2,3,1,3,3,3,2,No,Far (16+ km),Experienced (41+),Standard (11-14%),Low,None,High
43,Female,Single,28,No,Travel_Frequently,Research & Development,Research Scientist,1,3,Medical,4739,12,0,18,4,3,2,1,2,2,2,3,4,3,4,3,No,Far (16+ km),Experienced (41+),Standard (11-14%),High,None,Medium
50,Female,Single,12,No,Travel_Frequently,Sales,Sales Executive,3,3,Marketing,9208,11,0,16,4,2,2,2,1,3,3,4,3,3,4,3,No,Moderate (6-15km),Experienced (41+),Standard (11-14%),Very High,None,High
31,Female,Married,20,Yes,Travel_Rarely,Sales,Sales Executive,2,3,Life Sciences,4559,11,1,4,3,2,2,2,2,2,2,3,1,3,3,3,Yes,Far (16+ km),Mid Career (29-40),Standard (11-14%),High,Low,Medium
41,Male,Divorced,9,No,Travel_Rarely,Sales,Sales Executive,3,1,Life Sciences,8189,13,1,12,3,9,7,0,7,2,3,3,3,3,3,3,Yes,Moderate (6-15km),Experienced (41+),Standard (11-14%),High,Low,High
26,Female,Married,25,No,Travel_Rarely,Human Resources,Human Resources,1,1,Life Sciences,2942,23,1,8,1,8,7,5,7,3,3,3,3,4,4,3,No,Far (16+ km),Early Career (18-28),Top Tier (19-25%),High,Low,Low
36,Male,Divorced,6,No,Travel_Rarely,Research & Development,Manufacturing Director,2,2,Medical,4941,20,2,7,6,3,2,0,1,0,2,2,3,4,4,3,No,Moderate (6-15km),Mid Career (29-40),Top Tier (19-25%),Medium,Medium,Medium
51,Male,Single,8,Yes,Travel_Frequently,Research & Development,Manufacturing Director,3,4,Life Sciences,10650,15,0,18,2,4,2,0,3,2,1,4,1,3,4,3,No,Moderate (6-15km),Experienced (41+),High (15-18%),Very High,None,High
39,Female,Married,4,No,Travel_Rarely,Sales,Sales Executive,2,4,Life Sciences,5902,14,1,17,4,15,11,5,9,1,4,3,2,3,3,4,No,Close (0-5km),Mid Career (29-40),Standard (11-14%),High,Low,Medium
25,Male,Married,28,No,Travel_Rarely,Sales,Sales Executive,2,3,Life Sciences,8639,18,0,6,2,2,2,2,2,3,1,3,2,3,4,3,No,Far (16+ km),Early Career (18-28),High (15-18%),High,None,High
30,Male,Married,9,No,Travel_Rarely,Human Resources,Human Resources,2,3,Human Resources,6347,19,0,12,0,11,9,4,7,2,3,4,3,3,4,1,Yes,Moderate (6-15km),Mid Career (29-40),Top Tier (19-25%),Very High,None,Medium
32,Female,Single,9,Yes,Travel_Rarely,Research & Development,Laboratory Technician,1,3,Medical,4200,22,0,10,7,5,4,0,4,2,1,1,3,4,1,4,No,Moderate (6-15km),Mid Career (29-40),Top Tier (19-25%),Low,None,Medium
45,Male,Single,29,No,Travel_Rarely,Research & Development,Research Scientist,1,3,Medical,3452,13,0,9,5,6,5,0,3,2,3,4,3,3,2,2,No,Far (16+ km),Experienced (41+),Standard (11-14%),Very High,None,Low
38,Female,Single,3,No,Travel_Rarely,Research & Development,Research Scientist,2,5,Technical Degree,4317,20,0,19,3,3,2,2,2,2,4,3,3,4,2,3,Yes,Close (0-5km),Mid Career (29-40),Top Tier (19-25%),High,None,Medium
30,Female,Single,18,No,Travel_Rarely,Research & Development,Research Scientist,1,3,Life Sciences,2632,14,0,5,1,5,4,0,4,4,1,3,3,3,3,2,No,Far (16+ km),Mid Career (29-40),Standard (11-14%),High,None,Low
32,Male,Divorced,9,No,Travel_Frequently,Sales,Sales Executive,2,2,Medical,4668,17,3,9,0,8,7,0,7,2,4,4,1,3,4,4,No,Moderate (6-15km),Mid Career (29-40),High (15-18%),Very High,High,Medium
30,Female,Divorced,5,No,Travel_Rarely,Research & Development,Research Scientist,1,3,Technical Degree,3204,14,1,8,5,3,2,2,2,3,4,1,3,3,4,3,No,Close (0-5km),Mid Career (29-40),Standard (11-14%),Low,Low,Low
30,Male,Single,2,No,Travel_Rarely,Research & Development,Laboratory Technician,1,1,Medical,2720,13,0,6,0,5,3,1,2,3,2,4,2,3,4,3,No,Close (0-5km),Mid Career (29-40),Standard (11-14%),Very High,None,Low
41,Male,Divorced,10,No,Travel_Frequently,Research & Development,Manager,4,3,Life Sciences,17181,13,1,21,4,7,6,7,7,2,4,1,2,3,2,2,No,Moderate (6-15km),Experienced (41+),Standard (11-14%),Low,Low,High
41,Male,Married,9,No,Travel_Rarely,Research & Development,Laboratory Technician,1,4,Life Sciences,2238,21,1,7,2,5,0,1,4,2,3,1,3,4,4,3,No,Moderate (6-15km),Experienced (41+),Top Tier (19-25%),Low,Low,Low
19,Female,Single,3,No,Travel_Rarely,Research & Development,Laboratory Technician,1,1,Medical,1483,14,0,1,1,1,0,0,0,3,2,2,3,3,4,3,No,Close (0-5km),Early Career (18-28),Standard (11-14%),Medium,None,Low
40,Female,Divorced,26,No,Travel_Frequently,Research & Development,Research Scientist,2,3,Medical,5605,11,1,20,1,20,7,2,13,2,2,2,3,3,1,3,No,Far (16+ km),Mid Career (29-40),Standard (11-14%),Medium,Low,Medium
35,Male,Married,1,No,Travel_Rarely,Sales,Sales Executive,3,5,Marketing,7295,13,2,10,1,10,8,0,6,3,3,2,3,3,1,3,No,Close (0-5km),Mid Career (29-40),Standard (11-14%),Medium,Medium,High
53,Male,Married,6,No,Travel_Rarely,Sales,Sales Representative,2,2,Marketing,2306,20,1,13,2,7,7,4,5,3,2,3,3,4,4,1,Yes,Moderate (6-15km),Experienced (41+),Top Tier (19-25%),High,Low,Low
45,Male,Divorced,9,No,Travel_Rarely,Research & Development,Laboratory Technician,2,3,Life Sciences,2348,18,1,20,8,17,9,0,15,2,2,2,3,3,3,1,No,Moderate (6-15km),Experienced (41+),High (15-18%),Medium,Low,Low
32,Female,Single,8,No,Travel_Frequently,Sales,Sales Executive,3,3,Marketing,8998,14,0,9,1,9,8,3,7,2,2,4,3,3,4,3,No,Moderate (6-15km),Mid Career (29-40),Standard (11-14%),Very High,None,High
29,Male,Married,1,No,Non-Travel,Research & Development,Manufacturing Director,2,1,Technical Degree,4319,13,1,10,1,10,7,0,9,1,4,3,3,3,1,3,No,Close (0-5km),Mid Career (29-40),Standard (11-14%),High,Low,Medium
51,Male,Married,7,No,Travel_Rarely,Research & Development,Manufacturing Director,2,4,Medical,6132,17,0,10,2,1,0,0,0,2,2,3,2,3,3,3,No,Moderate (6-15km),Experienced (41+),High (15-18%),High,None,Medium
58,Female,Married,9,No,Travel_Rarely,Research & Development,Research Scientist,1,3,Medical,3346,20,1,9,4,1,0,0,0,3,2,2,2,4,2,2,Yes,Moderate (6-15km),Experienced (41+),Top Tier (19-25%),Medium,Low,Low
40,Male,Married,4,No,Travel_Rarely,Sales,Sales Executive,3,4,Marketing,10855,11,1,15,7,12,11,2,11,2,3,4,2,3,1,2,No,Close (0-5km),Mid Career (29-40),Standard (11-14%),Very High,Low,High
34,Female,Married,2,No,Travel_Frequently,Sales,Sales Representative,1,4,Marketing,2231,18,1,6,6,4,3,1,2,3,3,3,3,3,4,3,No,Close (0-5km),Mid Career (29-40),High (15-18%),High,Low,Low
22,Male,Married,19,No,Travel_Rarely,Research & Development,Research Scientist,1,1,Medical,2323,24,2,2,1,2,2,2,2,6,3,4,3,4,1,3,No,Far (16+ km),Early Career (18-28),Top Tier (19-25%),Very High,Medium,Low
27,Male,Divorced,9,No,Non-Travel,Research & Development,Research Scientist,1,3,Medical,2024,18,1,6,6,2,2,2,2,1,4,2,3,3,4,1,No,Moderate (6-15km),Early Career (18-28),High (15-18%),Medium,Low,Low
28,Male,Married,21,No,Travel_Rarely,Research & Development,Research Scientist,1,3,Medical,2713,11,1,5,1,5,2,0,2,2,3,4,3,3,3,1,No,Far (16+ km),Early Career (18-28),Standard (11-14%),Very High,Low,Low
57,Male,Divorced,24,No,Travel_Rarely,Research & Development,Healthcare Representative,3,2,Life Sciences,9439,16,1,12,3,5,3,1,4,2,3,4,4,3,2,1,Yes,Far (16+ km),Experienced (41+),High (15-18%),Very High,Low,High
27,Male,Divorced,3,No,Non-Travel,Research & Development,Research Scientist,1,3,Medical,2566,15,1,1,1,1,1,0,1,2,3,3,2,3,4,2,Yes,Close (0-5km),Early Career (18-28),High (15-18%),High,Low,Low
50,Female,Single,11,No,Travel_Rarely,Research & Development,Manager,5,3,Life Sciences,19926,15,0,21,3,5,4,4,4,5,3,2,3,3,2,3,No,Moderate (6-15km),Experienced (41+),High (15-18%),Medium,None,High
41,Male,Divorced,14,No,Travel_Rarely,Research & Development,Research Scientist,1,3,Life Sciences,2451,12,1,13,4,9,8,1,8,2,1,3,3,3,1,3,No,Moderate (6-15km),Experienced (41+),Standard (11-14%),High,Low,Low
30,Female,Married,5,No,Travel_Rarely,Sales,Sales Executive,3,3,Life Sciences,9419,12,1,12,2,10,9,7,4,2,2,4,3,3,3,3,No,Close (0-5km),Mid Career (29-40),Standard (11-14%),Very High,Low,High
38,Female,Single,1,No,Travel_Rarely,Sales,Sales Executive,2,4,Life Sciences,8686,22,0,12,4,8,3,0,7,2,1,4,2,4,3,4,No,Close (0-5km),Mid Career (29-40),Top Tier (19-25%),Very High,None,High
32,Male,Single,6,No,Travel_Rarely,Research & Development,Research Scientist,1,5,Life Sciences,3038,20,0,8,3,5,4,1,4,2,3,3,3,4,1,3,No,Moderate (6-15km),Mid Career (29-40),Top Tier (19-25%),High,None,Low
27,Male,Married,17,No,Travel_Rarely,Research & Development,Research Scientist,1,3,Technical Degree,3058,16,1,6,0,5,2,1,1,3,3,2,3,3,4,2,Yes,Far (16+ km),Early Career (18-28),High (15-18%),Medium,Low,Low
19,Female,Single,1,Yes,Travel_Frequently,Sales,Sales Representative,1,1,Technical Degree,2325,21,0,1,0,0,0,0,0,5,3,1,1,4,1,4,No,Close (0-5km),Early Career (18-28),Top Tier (19-25%),Low,None,Low
36,Male,Single,3,No,Travel_Frequently,Research & Development,Laboratory Technician,1,2,Medical,2088,12,0,13,4,8,7,7,2,3,4,2,3,3,3,2,No,Close (0-5km),Mid Career (29-40),Standard (11-14%),Medium,None,Low
30,Male,Divorced,9,No,Non-Travel,Research & Development,Laboratory Technician,2,3,Medical,3072,11,2,12,1,12,9,6,10,4,3,1,3,3,3,3,No,Moderate (6-15km),Mid Career (29-40),Standard (11-14%),Low,Medium,Low
45,Female,Divorced,4,No,Travel_Rarely,Sales,Sales Executive,2,2,Life Sciences,5006,11,1,9,4,5,4,0,3,3,3,1,3,3,1,4,Yes,Close (0-5km),Experienced (41+),Standard (11-14%),Low,Low,Medium
56,Female,Divorced,8,No,Travel_Rarely,Research & Development,Research Scientist,1,3,Life Sciences,4257,18,1,19,4,2,2,2,2,3,3,1,3,3,3,3,Yes,Moderate (6-15km),Experienced (41+),High (15-18%),Low,Low,Medium
33,Male,Single,2,No,Travel_Rarely,Research & Development,Research Scientist,1,3,Life Sciences,2500,14,0,4,0,3,1,0,2,2,3,4,3,3,1,4,No,Close (0-5km),Mid Career (29-40),Standard (11-14%),Very High,None,Low
19,Male,Single,2,Yes,Travel_Rarely,Research & Development,Laboratory Technician,1,3,Life Sciences,1102,22,0,1,1,1,0,1,0,3,2,4,2,4,3,2,No,Close (0-5km),Early Career (18-28),Top Tier (19-25%),Very High,None,Low
46,Female,Divorced,1,No,Travel_Rarely,Sales,Sales Executive,3,2,Marketing,10453,25,3,24,1,24,13,15,7,2,2,1,3,4,3,3,No,Close (0-5km),Experienced (41+),Top Tier (19-25%),Low,High,High
38,Female,Single,9,No,Travel_Rarely,Research & Development,Laboratory Technician,1,2,Life Sciences,2288,12,0,2,1,2,2,2,1,3,3,4,3,3,3,3,No,Moderate (6-15km),Mid Career (29-40),Standard (11-14%),Very High,None,Low
31,Female,Married,12,No,Travel_Rarely,Research & Development,Research Scientist,1,1,Medical,3929,23,1,7,8,4,2,0,2,0,3,4,3,4,3,3,Yes,Moderate (6-15km),Mid Career (29-40),Top Tier (19-25%),Very High,Low,Medium
34,Female,Single,27,No,Travel_Rarely,Research & Development,Research Scientist,1,2,Medical,2311,15,0,9,2,3,2,1,2,3,4,2,3,3,4,3,No,Far (16+ km),Mid Career (29-40),High (15-18%),Medium,None,Low
41,Female,Single,20,Yes,Travel_Rarely,Sales,Sales Representative,1,2,Marketing,3140,22,0,4,1,4,3,0,2,5,2,2,3,4,4,2,Yes,Far (16+ km),Experienced (41+),Top Tier (19-25%),Medium,None,Low
50,Male,Married,1,No,Travel_Rarely,Research & Development,Laboratory Technician,1,3,Medical,3690,15,1,5,2,3,2,0,2,2,3,3,2,3,4,2,No,Close (0-5km),Experienced (41+),High (15-18%),High,Low,Medium
53,Female,Divorced,13,No,Travel_Rarely,Research & Development,Manufacturing Director,2,2,Medical,4450,11,2,5,1,4,2,1,3,3,4,1,4,3,3,3,No,Moderate (6-15km),Experienced (41+),Standard (11-14%),Low,Medium,Medium
33,Female,Married,14,No,Travel_Rarely,Research & Development,Research Scientist,1,3,Medical,2756,13,1,8,1,8,7,1,6,5,4,2,3,3,4,3,No,Moderate (6-15km),Mid Career (29-40),Standard (11-14%),Medium,Low,Low
40,Female,Married,4,No,Travel_Rarely,Research & Development,Manager,5,1,Medical,19033,14,1,21,1,20,8,9,9,2,4,3,3,3,2,3,No,Close (0-5km),Mid Career (29-40),Standard (11-14%),High,Low,High
55,Male,Single,14,No,Travel_Rarely,Research & Development,Research Director,5,4,Medical,18722,11,0,36,8,24,15,2,15,3,3,2,4,3,4,3,No,Moderate (6-15km),Experienced (41+),Standard (11-14%),Medium,None,High
34,Male,Married,2,No,Travel_Frequently,Research & Development,Manufacturing Director,2,1,Life Sciences,9547,17,0,10,1,10,9,1,9,2,4,3,2,3,3,2,No,Close (0-5km),Mid Career (29-40),High (15-18%),High,None,High
51,Female,Single,3,No,Travel_Rarely,Research & Development,Healthcare Representative,4,3,Medical,13734,18,0,21,3,7,7,1,0,6,4,2,3,3,3,3,No,Close (0-5km),Experienced (41+),High (15-18%),Medium,None,High
52,Male,Married,1,No,Travel_Rarely,Research & Development,Manager,5,4,Life Sciences,19999,14,1,34,0,33,18,11,9,5,3,3,2,3,1,3,No,Close (0-5km),Experienced (41+),Standard (11-14%),High,Low,High
27,Female,Single,9,No,Travel_Rarely,Research & Development,Research Scientist,1,3,Medical,2279,16,0,7,1,7,7,0,3,2,4,2,3,3,4,2,No,Moderate (6-15km),Early Career (18-28),High (15-18%),Medium,None,Low
35,Male,Married,23,Yes,Travel_Rarely,Research & Development,Manufacturing Director,2,2,Life Sciences,5916,13,0,8,3,1,0,0,1,1,2,3,2,3,1,3,Yes,Far (16+ km),Mid Career (29-40),Standard (11-14%),High,None,Medium
43,Male,Divorced,7,No,Non-Travel,Research & Development,Research Scientist,1,3,Medical,2089,14,3,7,4,5,4,2,2,3,4,4,4,3,4,4,No,Moderate (6-15km),Experienced (41+),Standard (11-14%),Very High,High,Low
45,Male,Married,2,No,Non-Travel,Research & Development,Manager,4,2,Medical,16792,23,1,22,9,20,8,11,8,1,1,4,2,4,4,3,No,Close (0-5km),Experienced (41+),Top Tier (19-25%),Very High,Low,High
37,Male,Married,21,No,Travel_Rarely,Research & Development,Research Scientist,1,3,Life Sciences,3564,12,1,8,1,8,7,1,7,3,2,1,4,3,1,2,Yes,Far (16+ km),Mid Career (29-40),Standard (11-14%),Low,Low,Low
35,Female,Single,2,No,Travel_Frequently,Research & Development,Laboratory Technician,2,3,Medical,4425,11,0,10,5,6,2,1,2,5,2,2,3,3,4,3,No,Close (0-5km),Mid Career (29-40),Standard (11-14%),Medium,None,Medium
42,Female,Divorced,21,No,Non-Travel,Research & Development,Manufacturing Director,2,2,Medical,5265,16,1,11,2,5,3,0,2,5,3,3,3,3,2,3,No,Far (16+ km),Experienced (41+),High (15-18%),High,Low,Medium
38,Male,Married,2,No,Travel_Rarely,Research & Development,Manufacturing Director,2,4,Life Sciences,6553,14,0,14,9,1,0,0,0,3,4,3,3,3,2,3,No,Close (0-5km),Mid Career (29-40),Standard (11-14%),High,None,High
38,Male,Married,29,No,Travel_Rarely,Research & Development,Manufacturing Director,2,3,Technical Degree,6261,18,1,9,3,7,7,1,7,3,4,4,3,3,1,1,No,Far (16+ km),Mid Career (29-40),High (15-18%),Very High,Low,Medium
27,Male,Married,1,No,Travel_Frequently,Research & Development,Manufacturing Director,2,1,Technical Degree,4298,19,1,6,5,2,2,2,0,1,3,1,2,3,3,3,No,Close (0-5km),Early Career (18-28),Top Tier (19-25%),Low,Low,Medium
49,Male,Divorced,18,No,Non-Travel,Research & Development,Manufacturing Director,2,4,Life Sciences,6804,15,2,7,1,7,7,1,7,0,4,4,3,3,1,3,Yes,Far (16+ km),Experienced (41+),High (15-18%),Very High,Medium,High
34,Male,Divorced,10,No,Travel_Frequently,Research & Development,Research Scientist,1,4,Medical,3815,17,1,5,1,5,3,2,0,4,4,3,3,3,4,4,Yes,Moderate (6-15km),Mid Career (29-40),High (15-18%),High,Low,Medium
40,Male,Married,19,No,Travel_Rarely,Research & Development,Laboratory Technician,2,2,Medical,2741,15,1,15,8,7,2,3,7,2,3,4,3,3,3,4,Yes,Far (16+ km),Mid Career (29-40),High (15-18%),Very High,Low,Low
38,Male,Married,29,Yes,Travel_Rarely,Research & Development,Healthcare Representative,2,1,Medical,6673,19,0,17,7,1,0,0,0,2,2,1,3,3,2,3,Yes,Far (16+ km),Mid Career (29-40),Top Tier (19-25%),Low,None,High
29,Female,Married,27,Yes,Travel_Rarely,Sales,Sales Executive,3,3,Marketing,7639,22,3,10,1,10,4,1,9,3,2,4,3,4,4,2,No,Far (16+ km),Mid Career (29-40),Top Tier (19-25%),Very High,High,High
22,Male,Divorced,5,No,Travel_Rarely,Research & Development,Research Scientist,1,3,Life Sciences,2328,16,1,4,1,4,2,2,2,2,4,2,4,3,1,2,Yes,Close (0-5km),Early Career (18-28),High (15-18%),Medium,Low,Low
36,Female,Single,18,No,Travel_Frequently,Research & Development,Laboratory Technician,1,1,Medical,2153,13,0,8,1,8,1,1,7,2,2,4,3,3,1,3,No,Far (16+ km),Mid Career (29-40),Standard (11-14%),Very High,None,Low
40,Male,Married,9,No,Non-Travel,Research & Development,Healthcare Representative,2,5,Life Sciences,4876,14,1,5,9,3,2,0,2,5,4,4,2,3,4,1,No,Moderate (6-15km),Mid Career (29-40),Standard (11-14%),Very High,Low,Medium
46,Male,Divorced,1,No,Travel_Rarely,Research & Development,Healthcare Representative,3,4,Medical,9396,16,1,17,7,4,2,0,3,3,4,1,3,3,3,3,No,Close (0-5km),Experienced (41+),High (15-18%),Low,Low,High
32,Male,Married,4,Yes,Travel_Rarely,Sales,Sales Executive,3,4,Medical,10400,11,0,14,1,14,8,9,8,2,4,4,1,3,3,2,No,Close (0-5km),Mid Career (29-40),Standard (11-14%),Very High,None,High
30,Male,Single,1,No,Non-Travel,Research & Development,Manufacturing Director,3,1,Life Sciences,8474,22,0,12,1,11,8,5,8,2,3,3,2,4,3,3,No,Close (0-5km),Mid Career (29-40),Top Tier (19-25%),High,None,High
27,Female,Single,20,No,Travel_Frequently,Sales,Sales Executive,2,3,Life Sciences,9981,14,0,7,1,7,7,0,7,2,4,3,3,3,4,3,No,Far (16+ km),Early Career (18-28),Standard (11-14%),High,None,High
51,Male,Married,8,No,Travel_Rarely,Research & Development,Research Director,3,4,Life Sciences,12490,16,2,16,5,10,9,4,7,5,2,2,2,3,4,1,No,Moderate (6-15km),Experienced (41+),High (15-18%),Medium,Medium,High
30,Female,Single,3,Yes,Travel_Rarely,Research & Development,Research Scientist,1,3,Technical Degree,2657,11,0,8,5,5,2,0,4,5,4,1,3,3,3,3,Yes,Close (0-5km),Mid Career (29-40),Standard (11-14%),Low,None,Low
41,Female,Single,6,No,Travel_Rarely,Sales,Manager,3,3,Life Sciences,13591,18,0,16,3,1,0,0,0,3,4,4,3,3,3,3,Yes,Moderate (6-15km),Experienced (41+),High (15-18%),Very High,None,High
30,Female,Single,26,Yes,Travel_Frequently,Sales,Sales Executive,2,4,Marketing,6696,15,0,9,5,6,3,0,1,5,3,1,2,3,3,2,No,Far (16+ km),Mid Career (29-40),High (15-18%),Low,None,High
29,Male,Single,1,Yes,Travel_Rarely,Research & Development,Research Scientist,1,3,Technical Degree,2058,14,0,7,0,6,2,1,5,1,3,3,3,3,4,2,No,Close (0-5km),Mid Career (29-40),Standard (11-14%),High,None,Low
45,Female,Single,6,No,Non-Travel,Sales,Sales Executive,3,3,Medical,8865,12,0,23,6,19,7,12,8,2,4,4,2,3,4,3,No,Moderate (6-15km),Experienced (41+),Standard (11-14%),Very High,None,High
54,Female,Married,3,No,Travel_Rarely,Sales,Sales Executive,2,3,Marketing,5940,14,1,16,2,6,2,0,5,4,4,1,3,3,4,3,No,Close (0-5km),Experienced (41+),Standard (11-14%),Low,Low,Medium
36,Male,Single,5,No,Travel_Rarely,Research & Development,Laboratory Technician,2,2,Life Sciences,5914,16,0,16,8,13,11,3,7,3,4,2,3,3,4,4,No,Close (0-5km),Mid Career (29-40),High (15-18%),Medium,None,Medium
33,Female,Married,4,No,Travel_Rarely,Research & Development,Research Scientist,1,4,Medical,2622,21,0,7,6,3,2,1,1,3,3,2,2,4,4,3,No,Close (0-5km),Mid Career (29-40),Top Tier (19-25%),Medium,None,Low
37,Male,Divorced,11,No,Travel_Frequently,Research & Development,Research Director,3,3,Other,12185,14,3,10,1,10,8,0,7,1,2,4,3,3,3,3,Yes,Moderate (6-15km),Mid Career (29-40),Standard (11-14%),Very High,High,High
38,Male,Divorced,3,No,Travel_Rarely,Sales,Sales Executive,3,3,Life Sciences,10609,12,2,17,0,16,10,5,13,6,1,3,3,3,3,2,No,Close (0-5km),Mid Career (29-40),Standard (11-14%),High,Medium,High
31,Male,Married,1,No,Non-Travel,Research & Development,Manufacturing Director,2,4,Medical,4345,12,1,6,0,5,4,1,4,2,3,3,1,3,4,3,No,Close (0-5km),Mid Career (29-40),Standard (11-14%),High,Low,Medium
59,Male,Married,3,No,Travel_Rarely,Research & Development,Research Scientist,1,3,Life Sciences,2177,17,1,7,3,1,0,0,0,6,3,4,2,3,1,3,No,Close (0-5km),Experienced (41+),High (15-18%),Very High,Low,Low
37,Male,Divorced,4,No,Travel_Frequently,Sales,Sales Representative,1,4,Marketing,2793,17,1,13,4,9,8,5,8,2,1,4,3,3,3,3,No,Close (0-5km),Mid Career (29-40),High (15-18%),Very High,Low,Low
29,Female,Married,1,No,Travel_Frequently,Sales,Sales Executive,3,1,Medical,7918,14,1,11,1,11,10,4,1,5,2,4,3,3,4,3,No,Close (0-5km),Mid Career (29-40),Standard (11-14%),Very High,Low,High
35,Female,Single,1,No,Travel_Frequently,Sales,Sales Executive,3,3,Marketing,8789,14,0,10,1,10,7,0,8,3,3,3,3,3,1,4,No,Close (0-5km),Mid Career (29-40),Standard (11-14%),High,None,High
29,Male,Single,18,Yes,Travel_Rarely,Research & Development,Research Scientist,1,1,Medical,2389,13,0,4,1,4,3,0,1,3,3,4,2,3,3,2,Yes,Far (16+ km),Mid Career (29-40),Standard (11-14%),Very High,None,Low
52,Female,Single,2,No,Travel_Rarely,Research & Development,Laboratory Technician,1,3,Life Sciences,3212,15,0,6,7,2,2,2,2,3,3,4,2,3,2,2,No,Close (0-5km),Experienced (41+),High (15-18%),Very High,None,Low
42,Male,Married,4,No,Travel_Rarely,Research & Development,Manager,5,2,Technical Degree,19232,11,0,22,1,22,17,11,15,3,3,4,3,3,4,3,No,Close (0-5km),Experienced (41+),Standard (11-14%),Very High,None,High
59,Male,Married,6,No,Travel_Rarely,Human Resources,Human Resources,1,2,Medical,2267,17,0,7,8,2,2,2,2,2,2,3,3,3,4,2,No,Moderate (6-15km),Experienced (41+),High (15-18%),High,None,Low
50,Female,Divorced,1,No,Travel_Rarely,Sales,Manager,5,4,Medical,19517,11,1,32,3,7,0,0,6,3,4,4,3,3,3,2,No,Close (0-5km),Experienced (41+),Standard (11-14%),Very High,Low,High
33,Male,Married,14,Yes,Travel_Rarely,Research & Development,Laboratory Technician,1,3,Medical,2436,13,1,8,5,5,4,0,4,2,3,4,3,3,3,1,Yes,Moderate (6-15km),Mid Career (29-40),Standard (11-14%),Very High,Low,Low
43,Female,Married,16,No,Travel_Rarely,Sales,Manager,4,3,Marketing,16064,22,1,22,5,17,13,1,9,3,4,4,3,4,3,3,Yes,Far (16+ km),Experienced (41+),Top Tier (19-25%),Very High,Low,High
33,Female,Married,2,Yes,Travel_Rarely,Research & Development,Laboratory Technician,1,2,Life Sciences,2707,20,0,13,7,9,7,1,7,3,1,1,3,4,1,4,No,Close (0-5km),Mid Career (29-40),Top Tier (19-25%),Low,None,Low
52,Male,Single,2,No,Non-Travel,Sales,Manager,5,4,Life Sciences,19068,18,0,33,1,33,7,15,12,2,1,3,2,3,4,4,Yes,Close (0-5km),Experienced (41+),High (15-18%),High,None,High
32,Female,Married,4,No,Travel_Rarely,Sales,Sales Representative,1,2,Life Sciences,3931,11,1,6,2,4,3,1,2,5,3,2,3,3,1,3,No,Close (0-5km),Mid Career (29-40),Standard (11-14%),Medium,Low,Medium
32,Male,Single,1,Yes,Travel_Rarely,Research & Development,Laboratory Technician,1,3,Life Sciences,3730,14,0,4,0,3,2,1,2,2,4,3,2,3,4,1,Yes,Close (0-5km),Mid Career (29-40),Standard (11-14%),High,None,Medium
39,Female,Divorced,1,No,Travel_Rarely,Research & Development,Laboratory Technician,1,4,Medical,2232,14,3,7,7,3,2,1,2,1,3,3,3,3,3,3,No,Close (0-5km),Mid Career (29-40),Standard (11-14%),High,High,Low
32,Male,Married,26,No,Non-Travel,Sales,Sales Executive,2,4,Marketing,4465,18,0,4,0,3,2,2,2,2,3,4,3,3,1,3,No,Far (16+ km),Mid Career (29-40),High (15-18%),Very High,None,Medium
41,Male,Divorced,19,No,Travel_Rarely,Research & Development,Research Scientist,2,2,Life Sciences,3072,16,2,17,2,1,0,0,0,2,3,1,3,3,1,2,No,Far (16+ km),Experienced (41+),High (15-18%),Low,Medium,Low
40,Male,Divorced,24,No,Travel_Rarely,Research & Development,Research Scientist,2,2,Technical Degree,3319,17,2,9,1,9,8,4,7,3,1,4,3,3,1,3,No,Far (16+ km),Mid Career (29-40),High (15-18%),Very High,Medium,Low
45,Male,Married,1,No,Travel_Rarely,Research & Development,Manager,5,3,Other,19202,11,1,25,0,24,0,1,7,2,3,4,4,3,3,3,No,Close (0-5km),Experienced (41+),Standard (11-14%),Very High,Low,High
31,Male,Divorced,3,No,Travel_Frequently,Research & Development,Research Director,3,4,Medical,13675,12,1,9,9,2,2,2,2,3,2,3,3,3,1,3,No,Close (0-5km),Mid Career (29-40),Standard (11-14%),High,Low,High
33,Female,Married,5,No,Travel_Rarely,Research & Development,Research Scientist,1,4,Life Sciences,2911,13,1,2,1,2,2,0,2,2,3,4,2,3,3,2,No,Close (0-5km),Mid Career (29-40),Standard (11-14%),Very High,Low,Low
34,Male,Married,2,No,Travel_Rarely,Research & Development,Manufacturing Director,2,4,Life Sciences,5957,13,1,13,6,11,9,5,9,3,4,1,2,3,2,3,No,Close (0-5km),Mid Career (29-40),Standard (11-14%),Low,Low,Medium
37,Female,Married,1,No,Travel_Rarely,Research & Development,Research Scientist,1,2,Medical,3920,14,1,17,2,3,1,0,2,2,3,1,2,3,1,2,No,Close (0-5km),Mid Career (29-40),Standard (11-14%),Low,Low,Medium
45,Male,Married,7,No,Travel_Frequently,Research & Development,Manufacturing Director,2,4,Life Sciences,6434,17,1,9,4,3,2,0,2,1,1,3,4,3,4,3,No,Moderate (6-15km),Experienced (41+),High (15-18%),High,Low,Medium
37,Male,Divorced,10,Yes,Travel_Frequently,Research & Development,Manufacturing Director,3,3,Medical,10048,11,2,17,6,1,0,0,0,5,1,3,3,3,2,3,No,Moderate (6-15km),Mid Career (29-40),Standard (11-14%),High,Medium,High
39,Female,Single,2,No,Travel_Frequently,Research & Development,Healthcare Representative,3,4,Technical Degree,10938,25,0,20,0,19,6,11,8,1,3,3,3,4,4,3,No,Close (0-5km),Mid Career (29-40),Top Tier (19-25%),High,None,High
29,Male,Single,15,No,Travel_Rarely,Research & Development,Research Scientist,1,3,Life Sciences,2340,19,0,6,1,6,5,1,5,1,3,4,3,3,1,3,No,Moderate (6-15km),Mid Career (29-40),Top Tier (19-25%),Very High,None,Low
42,Female,Single,17,No,Travel_Rarely,Research & Development,Research Scientist,2,2,Life Sciences,6545,13,0,10,3,3,2,0,2,1,4,1,4,3,3,3,Yes,Far (16+ km),Experienced (41+),Standard (11-14%),Low,None,High
29,Male,Divorced,20,No,Travel_Rarely,Sales,Sales Executive,2,2,Marketing,6931,14,1,10,2,3,2,0,2,2,4,4,3,3,4,3,No,Far (16+ km),Mid Career (29-40),Standard (11-14%),Very High,Low,High
25,Female,Married,1,No,Travel_Rarely,Research & Development,Manufacturing Director,2,3,Life Sciences,4898,12,2,5,0,4,2,1,2,3,1,3,3,3,4,3,No,Close (0-5km),Early Career (18-28),Standard (11-14%),High,Medium,Medium
42,Female,Divorced,2,No,Travel_Rarely,Research & Development,Laboratory Technician,1,3,Medical,2593,11,1,10,0,9,6,7,8,4,4,1,2,3,3,3,Yes,Close (0-5km),Experienced (41+),Standard (11-14%),Low,Low,Low
40,Male,Divorced,2,No,Travel_Rarely,Research & Development,Research Director,5,2,Medical,19436,19,1,22,0,21,7,3,9,5,1,3,3,3,4,3,No,Close (0-5km),Mid Career (29-40),Top Tier (19-25%),High,Low,High
51,Male,Married,1,No,Travel_Rarely,Research & Development,Research Scientist,1,3,Life Sciences,2723,11,0,1,1,1,0,0,0,0,3,4,3,3,2,2,No,Close (0-5km),Experienced (41+),Standard (11-14%),Very High,None,Low
31,Male,Single,29,Yes,Travel_Frequently,Research & Development,Laboratory Technician,1,2,Medical,3479,11,0,6,0,5,4,1,4,2,3,2,2,3,2,4,No,Far (16+ km),Mid Career (29-40),Standard (11-14%),Medium,None,Low
32,Male,Married,7,No,Travel_Frequently,Research & Development,Laboratory Technician,1,3,Life Sciences,2794,20,0,5,1,5,1,0,3,3,2,2,4,4,3,1,No,Moderate (6-15km),Mid Career (29-40),Top Tier (19-25%),Medium,None,Low
38,Male,Married,2,No,Non-Travel,Sales,Sales Executive,2,2,Life Sciences,5249,18,1,13,3,8,7,7,5,0,4,4,2,3,4,3,No,Close (0-5km),Mid Career (29-40),High (15-18%),Very High,Low,Medium
32,Male,Single,2,No,Travel_Rarely,Research & Development,Laboratory Technician,2,1,Technical Degree,2176,13,0,9,4,6,2,0,4,5,4,1,2,3,4,3,No,Close (0-5km),Mid Career (29-40),Standard (11-14%),Low,None,Low
46,Female,Married,2,No,Travel_Rarely,Sales,Manager,4,3,Technical Degree,16872,12,1,28,3,7,7,7,7,2,3,2,1,3,2,2,Yes,Close (0-5km),Experienced (41+),Standard (11-14%),Medium,Low,High
28,Male,Single,2,Yes,Travel_Rarely,Research & Development,Laboratory Technician,1,4,Life Sciences,3485,11,0,5,2,0,0,0,0,5,1,3,3,3,3,1,No,Close (0-5km),Early Career (18-28),Standard (11-14%),High,None,Low
29,Male,Married,2,No,Travel_Rarely,Sales,Sales Executive,2,3,Medical,6644,19,2,10,2,0,0,0,0,2,1,2,2,3,2,3,No,Close (0-5km),Mid Career (29-40),Top Tier (19-25%),Medium,Medium,High
31,Male,Married,23,No,Travel_Rarely,Research & Development,Healthcare Representative,2,3,Medical,5582,21,1,10,0,9,0,7,8,2,2,4,2,4,2,3,No,Far (16+ km),Mid Career (29-40),Top Tier (19-25%),Very High,Low,Medium
25,Male,Divorced,5,No,Non-Travel,Research & Development,Healthcare Representative,2,2,Life Sciences,4000,12,2,6,1,6,3,1,5,2,2,1,4,3,4,3,No,Close (0-5km),Early Career (18-28),Standard (11-14%),Low,Medium,Medium
45,Male,Married,20,No,Travel_Rarely,Research & Development,Healthcare Representative,4,2,Medical,13496,14,0,21,0,20,7,4,10,2,3,4,3,3,2,3,Yes,Far (16+ km),Experienced (41+),Standard (11-14%),Very High,None,High
36,Male,Married,6,No,Travel_Rarely,Research & Development,Laboratory Technician,1,3,Life Sciences,3210,11,1,16,0,15,13,10,11,4,4,4,3,3,3,3,No,Moderate (6-15km),Mid Career (29-40),Standard (11-14%),Very High,Low,Low
55,Male,Single,1,No,Travel_Rarely,Research & Development,Manager,5,3,Medical,19045,14,0,37,0,36,10,4,13,2,4,1,3,3,3,3,Yes,Close (0-5km),Experienced (41+),Standard (11-14%),Low,None,High
47,Male,Married,29,Yes,Non-Travel,Research & Development,Manager,3,4,Life Sciences,11849,12,1,10,1,10,7,9,9,2,1,2,3,3,4,2,Yes,Far (16+ km),Experienced (41+),Standard (11-14%),Medium,Low,High
28,Male,Married,9,No,Travel_Rarely,Research & Development,Research Scientist,1,3,Medical,2070,23,1,5,1,5,2,0,4,3,4,4,3,4,4,2,No,Moderate (6-15km),Early Career (18-28),Top Tier (19-25%),Very High,Low,Low
37,Male,Married,6,No,Travel_Rarely,Sales,Sales Executive,2,4,Medical,6502,14,1,7,4,5,4,0,1,5,3,4,3,3,2,4,No,Moderate (6-15km),Mid Career (29-40),Standard (11-14%),Very High,Low,Medium
21,Male,Single,3,No,Travel_Rarely,Research & Development,Research Scientist,1,2,Medical,3230,17,0,3,1,3,2,1,0,4,4,3,2,3,1,4,No,Close (0-5km),Early Career (18-28),High (15-18%),High,None,Low
37,Female,Divorced,1,No,Non-Travel,Research & Development,Research Director,3,4,Medical,13603,18,2,15,2,5,2,0,2,2,1,4,3,3,1,3,Yes,Close (0-5km),Mid Career (29-40),High (15-18%),Very High,Medium,High
35,Female,Divorced,22,No,Travel_Rarely,Research & Development,Manager,3,3,Life Sciences,11996,18,1,10,7,7,7,6,2,6,2,2,4,3,2,2,No,Far (16+ km),Mid Career (29-40),High (15-18%),Medium,Low,High
38,Female,Divorced,7,No,Travel_Rarely,Sales,Sales Executive,2,2,Medical,5605,24,1,8,1,8,0,7,7,3,1,1,4,4,3,3,Yes,Moderate (6-15km),Mid Career (29-40),Top Tier (19-25%),Low,Low,Medium
26,Female,Divorced,1,No,Travel_Frequently,Research & Development,Manufacturing Director,2,3,Life Sciences,6397,20,1,6,1,6,5,1,4,6,3,2,3,4,1,1,No,Close (0-5km),Early Career (18-28),Top Tier (19-25%),Medium,Low,Medium
50,Male,Divorced,4,No,Travel_Rarely,Research & Development,Research Director,5,1,Life Sciences,19144,14,2,28,3,10,4,1,6,4,1,2,3,3,1,2,No,Close (0-5km),Experienced (41+),Standard (11-14%),Medium,Medium,High
53,Male,Married,3,No,Travel_Rarely,Research & Development,Research Director,4,4,Medical,17584,16,3,21,3,5,3,1,3,5,3,3,3,3,4,2,Yes,Close (0-5km),Experienced (41+),High (15-18%),High,High,High
42,Male,Married,1,No,Travel_Rarely,Sales,Sales Executive,2,1,Life Sciences,4907,25,0,20,1,20,16,11,6,3,2,3,3,4,3,3,No,Close (0-5km),Experienced (41+),Top Tier (19-25%),High,None,Medium
29,Male,Single,2,No,Travel_Frequently,Sales,Sales Executive,2,2,Life Sciences,4554,18,0,10,1,10,7,0,9,3,2,4,3,3,1,2,No,Close (0-5km),Mid Career (29-40),High (15-18%),Very High,None,Medium
55,Male,Married,20,No,Travel_Rarely,Research & Development,Laboratory Technician,2,2,Technical Degree,5415,19,1,12,3,10,7,0,8,4,2,4,3,3,4,3,Yes,Far (16+ km),Experienced (41+),Top Tier (19-25%),Very High,Low,Medium
26,Male,Married,11,No,Travel_Frequently,Research & Development,Healthcare Representative,2,2,Medical,4741,13,1,5,1,5,3,3,3,3,1,1,3,3,3,3,Yes,Moderate (6-15km),Early Career (18-28),Standard (11-14%),Low,Low,Medium
37,Female,Single,1,No,Travel_Rarely,Research & Development,Research Scientist,1,3,Life Sciences,2115,12,0,17,1,17,12,5,7,3,4,4,3,3,2,3,No,Close (0-5km),Mid Career (29-40),Standard (11-14%),Very High,None,Low
44,Male,Divorced,24,Yes,Travel_Frequently,Research & Development,Laboratory Technician,1,3,Life Sciences,3161,22,1,19,3,1,0,0,0,0,4,3,3,4,4,1,Yes,Far (16+ km),Experienced (41+),Top Tier (19-25%),High,Low,Low
38,Male,Divorced,23,No,Travel_Rarely,Research & Development,Healthcare Representative,2,4,Life Sciences,5745,14,1,10,9,2,2,1,2,2,4,4,3,3,2,3,No,Far (16+ km),Mid Career (29-40),Standard (11-14%),Very High,Low,Medium
26,Male,Divorced,16,Yes,Travel_Rarely,Research & Development,Laboratory Technician,1,4,Medical,2373,13,1,5,2,3,2,0,2,2,1,2,3,3,4,3,Yes,Far (16+ km),Early Career (18-28),Standard (11-14%),Medium,Low,Low
28,Female,Single,8,No,Travel_Rarely,Research & Development,Research Scientist,1,2,Life Sciences,3310,21,0,5,1,5,3,0,2,3,4,4,3,4,4,3,No,Moderate (6-15km),Early Career (18-28),Top Tier (19-25%),Very High,None,Low
49,Female,Single,10,No,Travel_Frequently,Research & Development,Research Director,5,4,Life Sciences,18665,11,0,22,9,3,2,1,2,4,3,1,3,3,4,3,Yes,Moderate (6-15km),Experienced (41+),Standard (11-14%),Low,None,High
36,Male,Single,3,No,Travel_Rarely,Research & Development,Research Scientist,2,3,Technical Degree,4485,12,0,10,4,8,0,7,7,2,3,2,3,3,4,3,No,Close (0-5km),Mid Career (29-40),Standard (11-14%),Medium,None,Medium
31,Female,Divorced,5,No,Travel_Frequently,Sales,Sales Representative,1,3,Marketing,2789,11,1,2,1,2,2,2,2,5,4,2,3,3,3,2,No,Close (0-5km),Mid Career (29-40),Standard (11-14%),Medium,Low,Low
26,Male,Single,4,Yes,Travel_Rarely,Sales,Sales Executive,2,4,Marketing,5828,12,0,8,1,8,7,7,4,0,4,4,2,3,2,3,Yes,Close (0-5km),Early Career (18-28),Standard (11-14%),Very High,None,Medium
37,Male,Married,9,No,Travel_Frequently,Research & Development,Research Scientist,1,3,Medical,2326,12,3,4,1,4,2,1,2,3,2,4,3,3,3,2,Yes,Moderate (6-15km),Mid Career (29-40),Standard (11-14%),Very High,High,Low
42,Female,Married,26,No,Travel_Frequently,Sales,Sales Executive,4,3,Marketing,13525,14,1,23,5,20,4,4,8,2,3,2,3,3,4,4,No,Far (16+ km),Experienced (41+),Standard (11-14%),Medium,Low,High
18,Male,Single,3,Yes,Travel_Rarely,Research & Development,Laboratory Technician,1,3,Life Sciences,1420,13,0,0,1,0,0,0,0,2,3,3,3,3,3,3,No,Close (0-5km),Early Career (18-28),Standard (11-14%),High,None,Low
35,Male,Married,16,No,Travel_Rarely,Sales,Sales Executive,3,3,Marketing,8020,15,2,12,0,11,9,6,9,3,3,2,3,3,3,2,No,Far (16+ km),Mid Career (29-40),High (15-18%),Medium,Medium,High
36,Male,Married,18,No,Travel_Frequently,Research & Development,Laboratory Technician,1,4,Life Sciences,3688,18,2,4,4,1,0,0,0,2,3,4,4,3,4,3,No,Far (16+ km),Mid Career (29-40),High (15-18%),Very High,Medium,Medium
51,Male,Divorced,2,No,Travel_Rarely,Research & Development,Manufacturing Director,2,3,Medical,5482,18,1,13,5,4,1,1,2,3,4,2,1,3,4,3,No,Close (0-5km),Experienced (41+),High (15-18%),Medium,Low,Medium
41,Male,Single,2,No,Travel_Rarely,Sales,Manager,4,4,Life Sciences,16015,19,0,22,1,22,10,0,4,2,4,2,3,3,2,3,No,Close (0-5km),Experienced (41+),Top Tier (19-25%),Medium,None,High
18,Female,Single,10,No,Travel_Rarely,Sales,Sales Representative,1,3,Medical,1200,12,0,0,1,0,0,0,0,2,4,3,2,3,1,3,No,Moderate (6-15km),Early Career (18-28),Standard (11-14%),High,None,Low
28,Male,Single,16,No,Travel_Rarely,Research & Development,Healthcare Representative,2,2,Medical,5661,19,0,9,0,8,3,0,7,2,2,1,4,3,3,3,No,Far (16+ km),Early Career (18-28),Top Tier (19-25%),Low,None,Medium
31,Male,Married,7,No,Travel_Rarely,Sales,Sales Executive,2,3,Technical Degree,6929,11,1,10,4,8,7,7,7,3,2,4,4,3,2,2,No,Moderate (6-15km),Mid Career (29-40),Standard (11-14%),Very High,Low,High
39,Male,Divorced,1,No,Travel_Rarely,Research & Development,Healthcare Representative,3,3,Medical,9613,17,3,19,0,18,10,3,7,5,3,4,4,3,1,2,No,Close (0-5km),Mid Career (29-40),High (15-18%),Very High,High,High
36,Female,Married,24,No,Non-Travel,Research & Development,Laboratory Technician,2,4,Life Sciences,5674,15,1,11,7,9,8,0,8,3,2,2,3,3,3,3,No,Far (16+ km),Mid Career (29-40),High (15-18%),Medium,Low,Medium
32,Male,Married,7,No,Travel_Rarely,Sales,Sales Executive,2,3,Life Sciences,5484,14,1,13,1,13,8,4,8,3,4,3,2,3,3,2,No,Moderate (6-15km),Mid Career (29-40),Standard (11-14%),High,Low,Medium
38,Female,Married,25,No,Travel_Rarely,Research & Development,Research Director,3,2,Life Sciences,12061,17,1,19,3,10,8,0,1,2,1,2,2,3,3,3,No,Far (16+ km),Mid Career (29-40),High (15-18%),Medium,Low,High
58,Male,Divorced,1,No,Non-Travel,Research & Development,Healthcare Representative,2,4,Life Sciences,5660,13,1,12,2,5,3,1,2,2,4,3,1,3,4,3,Yes,Close (0-5km),Experienced (41+),Standard (11-14%),High,Low,Medium
31,Male,Married,5,No,Travel_Rarely,Research & Development,Research Scientist,1,4,Technical Degree,4821,12,1,6,0,5,2,0,3,4,3,4,3,3,3,3,Yes,Close (0-5km),Mid Career (29-40),Standard (11-14%),Very High,Low,Medium
31,Male,Married,2,No,Travel_Rarely,Human Resources,Human Resources,2,3,Human Resources,6410,12,0,9,3,2,2,1,0,1,1,1,2,3,4,3,No,Close (0-5km),Mid Career (29-40),Standard (11-14%),Low,None,Medium
45,Male,Divorced,7,No,Travel_Frequently,Research & Development,Laboratory Technician,3,3,Life Sciences,5210,18,1,24,1,24,9,9,11,2,1,1,3,3,1,3,No,Moderate (6-15km),Experienced (41+),High (15-18%),Low,Low,Medium
31,Male,Divorced,2,No,Travel_Rarely,Research & Development,Research Scientist,1,4,Life Sciences,2695,18,1,3,0,2,2,2,2,2,3,4,3,3,2,1,Yes,Close (0-5km),Mid Career (29-40),High (15-18%),Very High,Low,Low
33,Female,Married,5,No,Travel_Frequently,Research & Development,Manager,3,4,Life Sciences,11878,11,2,12,6,10,6,8,8,2,4,2,3,3,2,3,No,Close (0-5km),Mid Career (29-40),Standard (11-14%),Medium,Medium,High
39,Male,Married,10,No,Travel_Rarely,Research & Development,Manager,4,1,Medical,17068,14,0,21,1,21,9,11,10,3,3,1,3,3,4,3,Yes,Moderate (6-15km),Mid Career (29-40),Standard (11-14%),Low,None,High
43,Female,Single,10,No,Travel_Frequently,Research & Development,Laboratory Technician,1,4,Life Sciences,2455,19,0,9,0,8,7,1,7,5,3,4,3,3,1,3,No,Moderate (6-15km),Experienced (41+),Top Tier (19-25%),Very High,None,Low
49,Female,Single,1,No,Travel_Rarely,Research & Development,Healthcare Representative,4,2,Technical Degree,13964,12,0,25,7,7,1,0,7,2,3,3,2,3,4,3,Yes,Close (0-5km),Experienced (41+),Standard (11-14%),High,None,High
52,Male,Married,8,Yes,Travel_Rarely,Research & Development,Research Scientist,2,4,Medical,4941,15,0,11,2,8,2,7,7,3,3,2,2,3,1,2,No,Moderate (6-15km),Experienced (41+),High (15-18%),Medium,None,Medium
27,Female,Single,5,No,Travel_Rarely,Research & Development,Research Scientist,1,3,Life Sciences,2478,12,0,4,1,4,3,1,2,2,3,2,3,3,2,2,Yes,Close (0-5km),Early Career (18-28),Standard (11-14%),Medium,None,Low
32,Female,Married,8,No,Travel_Rarely,Sales,Sales Executive,2,2,Technical Degree,5228,11,0,13,1,13,12,11,9,2,3,2,2,3,4,3,Yes,Moderate (6-15km),Mid Career (29-40),Standard (11-14%),Medium,None,Medium
27,Male,Single,2,No,Travel_Rarely,Sales,Sales Executive,2,3,Life Sciences,4478,11,0,5,1,5,4,0,4,3,4,3,3,3,1,3,Yes,Close (0-5km),Early Career (18-28),Standard (11-14%),High,None,Medium
31,Male,Divorced,7,No,Travel_Rarely,Sales,Sales Executive,2,3,Marketing,7547,12,3,13,4,7,7,1,7,3,4,4,3,3,4,3,No,Moderate (6-15km),Mid Career (29-40),Standard (11-14%),Very High,High,High
32,Female,Single,2,No,Travel_Rarely,Research & Development,Research Scientist,2,4,Medical,5055,16,0,10,7,7,7,0,7,0,1,4,4,3,3,2,No,Close (0-5km),Mid Career (29-40),High (15-18%),Very High,None,Medium
28,Male,Married,2,Yes,Travel_Rarely,Research & Development,Research Scientist,1,4,Medical,3464,13,0,5,5,3,2,2,2,4,1,4,1,3,4,2,Yes,Close (0-5km),Early Career (18-28),Standard (11-14%),Very High,None,Low
30,Female,Married,28,No,Travel_Rarely,Research & Development,Research Scientist,2,2,Medical,5775,13,2,11,1,10,8,1,9,2,4,4,3,3,4,3,No,Far (16+ km),Mid Career (29-40),Standard (11-14%),Very High,Medium,Medium
31,Female,Married,7,No,Travel_Frequently,Research & Development,Manufacturing Director,3,2,Life Sciences,8943,24,1,10,1,10,9,8,9,2,3,3,2,4,1,3,No,Moderate (6-15km),Mid Career (29-40),Top Tier (19-25%),High,Low,High
39,Male,Married,7,No,Travel_Frequently,Research & Development,Manager,5,2,Medical,19272,15,1,21,1,21,9,13,3,2,3,4,2,3,1,3,No,Moderate (6-15km),Mid Career (29-40),High (15-18%),Very High,Low,High
39,Female,Married,3,Yes,Travel_Rarely,Sales,Sales Executive,2,2,Medical,5238,18,0,12,4,1,0,0,0,3,4,3,3,3,1,2,Yes,Close (0-5km),Mid Career (29-40),High (15-18%),High,None,Medium
33,Male,Single,10,No,Travel_Frequently,Sales,Sales Executive,2,3,Marketing,4682,14,0,9,3,7,7,0,1,6,2,4,2,3,3,2,No,Moderate (6-15km),Mid Career (29-40),Standard (11-14%),Very High,None,Medium
47,Male,Married,5,No,Travel_Rarely,Research & Development,Research Director,5,5,Life Sciences,18300,11,1,21,4,3,2,1,1,2,4,3,3,3,2,3,No,Close (0-5km),Experienced (41+),Standard (11-14%),High,Low,High
43,Female,Divorced,10,No,Travel_Frequently,Research & Development,Laboratory Technician,2,4,Life Sciences,5257,11,1,9,1,9,7,0,0,3,3,3,2,3,2,4,No,Moderate (6-15km),Experienced (41+),Standard (11-14%),High,Low,Medium
27,Male,Married,1,No,Non-Travel,Sales,Sales Executive,2,1,Marketing,6349,13,1,6,0,5,4,1,4,0,3,2,3,3,4,3,Yes,Close (0-5km),Early Career (18-28),Standard (11-14%),Medium,Low,Medium
54,Female,Single,20,No,Travel_Frequently,Research & Development,Research Scientist,2,4,Life Sciences,4869,12,0,20,3,4,3,0,3,4,4,3,3,3,4,2,No,Far (16+ km),Experienced (41+),Standard (11-14%),High,None,Medium
43,Female,Married,7,No,Travel_Rarely,Research & Development,Healthcare Representative,3,3,Life Sciences,9985,16,1,10,8,1,0,0,0,1,3,1,3,3,1,2,No,Moderate (6-15km),Experienced (41+),High (15-18%),Low,Low,High
45,Male,Married,8,No,Travel_Rarely,Research & Development,Research Scientist,2,4,Other,3697,14,2,12,9,10,9,9,8,3,4,4,3,3,1,3,No,Moderate (6-15km),Experienced (41+),Standard (11-14%),Very High,Medium,Medium
40,Male,Married,1,No,Travel_Rarely,Sales,Sales Executive,2,2,Medical,7457,22,3,6,2,4,3,0,2,2,2,4,1,4,3,2,Yes,Close (0-5km),Mid Career (29-40),Top Tier (19-25%),Very High,High,High
29,Male,Married,8,Yes,Travel_Rarely,Research & Development,Laboratory Technician,1,4,Other,2119,11,0,7,1,7,7,0,7,4,2,1,1,3,4,2,Yes,Moderate (6-15km),Mid Career (29-40),Standard (11-14%),Low,None,Low
29,Male,Single,9,No,Travel_Rarely,Research & Development,Laboratory Technician,1,5,Other,3983,17,0,4,0,3,2,2,2,2,2,4,2,3,3,3,No,Moderate (6-15km),Mid Career (29-40),High (15-18%),Very High,None,Medium
30,Female,Divorced,5,No,Travel_Rarely,Sales,Sales Executive,2,3,Marketing,6118,13,3,10,1,10,9,1,2,2,4,3,2,3,3,3,No,Close (0-5km),Mid Career (29-40),Standard (11-14%),High,High,Medium
27,Female,Married,8,No,Travel_Rarely,Sales,Sales Executive,2,4,Marketing,6214,18,1,8,1,8,7,0,7,3,2,2,3,3,1,3,No,Moderate (6-15km),Early Career (18-28),High (15-18%),Medium,Low,Medium
37,Male,Divorced,5,No,Travel_Rarely,Research & Development,Manufacturing Director,2,2,Medical,6347,16,2,8,7,6,2,0,4,2,4,4,3,3,3,2,No,Close (0-5km),Mid Career (29-40),High (15-18%),Very High,Medium,Medium
38,Male,Divorced,15,No,Travel_Rarely,Research & Development,Research Director,3,2,Life Sciences,11510,14,1,12,0,11,10,2,9,3,3,4,2,3,2,3,Yes,Moderate (6-15km),Mid Career (29-40),Standard (11-14%),Very High,Low,High
31,Female,Single,7,No,Travel_Rarely,Research & Development,Manufacturing Director,3,4,Medical,7143,14,0,11,1,11,9,4,10,2,3,4,3,3,3,2,Yes,Moderate (6-15km),Mid Career (29-40),Standard (11-14%),Very High,None,High
29,Female,Divorced,10,No,Travel_Rarely,Sales,Sales Executive,2,1,Marketing,8268,14,2,7,1,7,7,1,7,2,4,2,2,3,1,3,Yes,Moderate (6-15km),Mid Career (29-40),Standard (11-14%),Medium,Medium,High
35,Male,Single,5,No,Travel_Rarely,Research & Development,Manufacturing Director,3,4,Technical Degree,8095,13,0,17,0,16,6,0,13,5,3,2,3,3,4,3,No,Close (0-5km),Mid Career (29-40),Standard (11-14%),Medium,None,High
23,Male,Divorced,26,No,Travel_Rarely,Research & Development,Research Scientist,1,1,Life Sciences,2904,12,2,4,1,4,2,0,2,2,3,4,3,3,3,2,No,Far (16+ km),Early Career (18-28),Standard (11-14%),Very High,Medium,Low
41,Male,Single,6,No,Travel_Rarely,Research & Development,Manufacturing Director,2,3,Medical,6032,15,0,8,6,5,4,1,2,3,4,2,2,3,4,3,Yes,Moderate (6-15km),Experienced (41+),High (15-18%),Medium,None,Medium
47,Male,Single,4,No,Travel_Frequently,Sales,Sales Representative,2,1,Medical,2976,19,0,5,3,0,0,0,0,3,2,3,3,3,1,3,No,Close (0-5km),Experienced (41+),Top Tier (19-25%),High,None,Low
42,Female,Single,23,No,Travel_Rarely,Research & Development,Research Director,4,5,Life Sciences,15992,14,0,16,2,1,0,0,0,2,1,4,3,3,2,3,No,Far (16+ km),Experienced (41+),Standard (11-14%),Very High,None,High
29,Male,Married,2,No,Non-Travel,Sales,Sales Executive,2,3,Life Sciences,4649,14,1,4,1,4,3,0,2,3,4,3,3,3,1,2,No,Close (0-5km),Mid Career (29-40),Standard (11-14%),High,Low,Medium
42,Male,Divorced,2,No,Travel_Rarely,Human Resources,Human Resources,1,1,Technical Degree,2696,11,1,4,0,3,2,1,0,5,3,3,3,3,3,3,Yes,Close (0-5km),Experienced (41+),Standard (11-14%),High,Low,Low
32,Female,Married,2,No,Travel_Rarely,Research & Development,Laboratory Technician,1,3,Medical,2370,13,1,8,1,8,0,0,7,4,3,2,3,3,3,3,No,Close (0-5km),Mid Career (29-40),Standard (11-14%),Medium,Low,Low
48,Female,Married,29,No,Travel_Rarely,Sales,Manager,3,1,Medical,12504,21,1,15,3,0,0,0,0,3,1,3,3,4,2,1,No,Far (16+ km),Experienced (41+),Top Tier (19-25%),High,Low,High
37,Male,Divorced,6,No,Travel_Rarely,Research & Development,Research Scientist,2,3,Medical,5974,13,2,13,4,7,7,6,7,2,3,1,4,3,1,3,Yes,Moderate (6-15km),Mid Career (29-40),Standard (11-14%),Low,Medium,Medium
30,Female,Married,25,No,Non-Travel,Sales,Sales Executive,2,2,Technical Degree,4736,12,1,4,7,2,2,2,2,2,4,3,3,3,2,4,Yes,Far (16+ km),Mid Career (29-40),Standard (11-14%),High,Low,Medium
26,Male,Married,1,No,Travel_Rarely,Sales,Sales Executive,2,3,Life Sciences,5296,17,1,8,1,8,7,7,7,3,3,3,3,3,2,3,No,Close (0-5km),Early Career (18-28),High (15-18%),High,Low,Medium
42,Male,Single,2,No,Travel_Rarely,Research & Development,Healthcare Representative,2,4,Other,6781,23,0,14,3,1,0,0,0,6,1,4,2,4,2,3,No,Close (0-5km),Experienced (41+),Top Tier (19-25%),Very High,None,High
21,Female,Single,1,Yes,Travel_Frequently,Sales,Sales Representative,1,1,Technical Degree,2174,11,0,3,1,3,2,1,2,3,1,2,2,3,3,3,Yes,Close (0-5km),Early Career (18-28),Standard (11-14%),Medium,None,Low
36,Female,Single,1,No,Non-Travel,Sales,Sales Executive,2,5,Medical,6653,15,0,7,4,1,0,0,0,6,4,4,3,3,2,3,No,Close (0-5km),Mid Career (29-40),High (15-18%),Very High,None,High
36,Male,Married,3,No,Travel_Frequently,Sales,Sales Executive,3,4,Medical,9699,11,1,16,4,13,9,1,12,2,1,4,2,3,1,3,No,Close (0-5km),Mid Career (29-40),Standard (11-14%),Very High,Low,High
57,Male,Married,1,No,Travel_Rarely,Research & Development,Healthcare Representative,2,4,Medical,6755,11,0,15,2,3,2,1,2,2,4,3,3,3,3,3,No,Close (0-5km),Experienced (41+),Standard (11-14%),High,None,High
40,Female,Married,10,No,Travel_Rarely,Research & Development,Laboratory Technician,1,4,Life Sciences,2213,13,1,10,3,7,7,1,7,3,4,3,4,3,3,3,Yes,Moderate (6-15km),Mid Career (29-40),Standard (11-14%),High,Low,Low
21,Male,Single,9,No,Non-Travel,Sales,Sales Representative,1,2,Medical,2610,24,0,3,1,3,2,2,2,3,1,4,3,4,3,2,No,Moderate (6-15km),Early Career (18-28),Top Tier (19-25%),Very High,None,Low
33,Female,Single,5,Yes,Travel_Rarely,Sales,Sales Representative,1,3,Marketing,2851,13,0,1,1,1,0,0,0,2,4,3,3,3,2,3,Yes,Close (0-5km),Mid Career (29-40),Standard (11-14%),High,None,Low
37,Female,Married,10,No,Travel_Rarely,Research & Development,Laboratory Technician,1,3,Medical,3452,20,1,17,6,5,4,0,3,3,3,1,3,4,2,3,No,Moderate (6-15km),Mid Career (29-40),Top Tier (19-25%),Low,Low,Low
46,Female,Married,7,No,Non-Travel,Research & Development,Manufacturing Director,2,4,Medical,5258,14,0,7,2,1,0,0,0,2,3,3,3,3,3,4,No,Moderate (6-15km),Experienced (41+),Standard (11-14%),High,None,Medium
41,Male,Single,4,Yes,Travel_Frequently,Sales,Sales Executive,2,3,Marketing,9355,18,0,8,1,8,7,7,7,5,1,2,3,3,3,3,No,Close (0-5km),Experienced (41+),High (15-18%),Medium,None,High
50,Male,Single,10,No,Travel_Rarely,Research & Development,Healthcare Representative,3,3,Technical Degree,10496,15,0,20,6,4,3,1,3,2,4,4,2,3,4,3,No,Moderate (6-15km),Experienced (41+),High (15-18%),Very High,None,High
40,Male,Married,22,Yes,Travel_Rarely,Sales,Sales Executive,2,2,Marketing,6380,12,2,8,2,6,4,1,0,6,3,3,2,3,1,3,Yes,Far (16+ km),Mid Career (29-40),Standard (11-14%),High,Medium,Medium
31,Male,Single,9,No,Travel_Rarely,Research & Development,Research Scientist,1,4,Life Sciences,2657,16,0,3,0,2,2,2,2,5,3,2,2,3,4,3,Yes,Moderate (6-15km),Mid Career (29-40),High (15-18%),Medium,None,Low
21,Female,Single,12,Yes,Travel_Rarely,Sales,Sales Representative,1,3,Life Sciences,2716,15,0,1,1,1,0,0,0,0,3,2,4,3,4,3,No,Moderate (6-15km),Early Career (18-28),High (15-18%),Medium,None,Low
29,Male,Single,23,No,Travel_Rarely,Research & Development,Research Scientist,1,3,Life Sciences,2201,16,0,6,9,3,2,1,2,4,4,4,3,3,4,3,No,Far (16+ km),Mid Career (29-40),High (15-18%),Very High,None,Low
35,Male,Single,9,No,Travel_Rarely,Research & Development,Healthcare Representative,2,4,Life Sciences,6540,19,0,10,9,1,1,0,0,5,3,2,2,3,3,3,No,Moderate (6-15km),Mid Career (29-40),Top Tier (19-25%),Medium,None,High
27,Male,Divorced,1,No,Travel_Rarely,Research & Development,Laboratory Technician,1,2,Medical,3816,11,1,5,1,5,2,0,4,2,4,2,3,3,2,3,No,Close (0-5km),Early Career (18-28),Standard (11-14%),Medium,Low,Medium
28,Male,Single,9,No,Travel_Rarely,Sales,Sales Executive,2,4,Life Sciences,5253,16,0,7,1,7,5,0,7,1,2,4,3,3,4,3,No,Moderate (6-15km),Early Career (18-28),High (15-18%),Very High,None,Medium
49,Male,Single,7,No,Travel_Rarely,Research & Development,Healthcare Representative,3,3,Other,10965,24,0,26,8,5,2,0,0,2,2,3,2,4,3,3,No,Moderate (6-15km),Experienced (41+),Top Tier (19-25%),High,None,High
51,Female,Married,14,No,Travel_Rarely,Sales,Sales Executive,2,2,Life Sciences,4936,11,1,18,4,7,7,0,7,2,3,4,3,3,3,2,No,Moderate (6-15km),Experienced (41+),Standard (11-14%),Very High,Low,Medium
36,Female,Married,2,No,Travel_Rarely,Research & Development,Research Scientist,1,3,Life Sciences,2543,13,1,6,4,2,2,2,2,3,4,3,3,3,2,3,No,Close (0-5km),Mid Career (29-40),Standard (11-14%),High,Low,Low
34,Male,Single,19,Yes,Non-Travel,Sales,Sales Executive,2,3,Marketing,5304,13,0,9,8,5,2,0,4,3,1,4,4,3,2,2,Yes,Far (16+ km),Mid Career (29-40),Standard (11-14%),Very High,None,Medium
55,Female,Single,2,No,Travel_Rarely,Research & Development,Manager,4,3,Life Sciences,16659,13,0,30,2,5,4,1,2,2,3,4,3,3,3,3,Yes,Close (0-5km),Experienced (41+),Standard (11-14%),Very High,None,High
24,Female,Divorced,10,No,Travel_Rarely,Sales,Sales Executive,2,4,Marketing,4260,12,1,5,1,5,2,0,3,2,4,3,3,3,4,4,Yes,Moderate (6-15km),Early Career (18-28),Standard (11-14%),High,Low,Medium
30,Male,Married,2,No,Travel_Rarely,Sales,Sales Representative,1,1,Technical Degree,2476,18,1,1,1,1,0,0,0,3,3,2,3,3,1,3,No,Close (0-5km),Mid Career (29-40),High (15-18%),Medium,Low,Low
26,Male,Single,3,Yes,Travel_Frequently,Research & Development,Research Scientist,1,1,Technical Degree,3102,22,0,7,0,6,4,0,4,2,3,1,3,4,3,3,No,Close (0-5km),Early Career (18-28),Top Tier (19-25%),Low,None,Low
22,Female,Married,11,No,Travel_Rarely,Research & Development,Research Scientist,1,3,Medical,2244,13,1,2,1,2,1,1,2,1,1,2,3,3,4,3,No,Moderate (6-15km),Early Career (18-28),Standard (11-14%),Medium,Low,Low
36,Male,Married,2,No,Travel_Rarely,Sales,Sales Executive,3,2,Medical,7596,13,2,10,1,10,9,9,0,2,2,3,2,3,2,3,No,Close (0-5km),Mid Career (29-40),Standard (11-14%),High,Medium,High
30,Male,Single,4,Yes,Travel_Frequently,Research & Development,Research Scientist,1,3,Technical Degree,2285,23,0,3,9,1,0,0,0,4,3,4,3,4,3,3,Yes,Close (0-5km),Mid Career (29-40),Top Tier (19-25%),Very High,None,Low
37,Female,Divorced,14,No,Travel_Rarely,Research & Development,Laboratory Technician,1,3,Life Sciences,3034,12,1,18,1,18,7,12,17,2,4,1,3,3,3,2,No,Moderate (6-15km),Mid Career (29-40),Standard (11-14%),Low,Low,Low
40,Female,Divorced,2,No,Travel_Rarely,Sales,Sales Executive,2,2,Marketing,5715,12,2,8,7,5,4,1,3,5,4,2,3,3,3,3,No,Close (0-5km),Mid Career (29-40),Standard (11-14%),Medium,Medium,Medium
42,Female,Divorced,1,No,Travel_Rarely,Research & Development,Laboratory Technician,1,4,Life Sciences,2576,16,1,8,3,5,2,1,2,5,2,1,3,3,2,3,No,Close (0-5km),Experienced (41+),High (15-18%),Low,Low,Low
37,Male,Single,10,No,Travel_Rarely,Research & Development,Manufacturing Director,2,4,Life Sciences,4197,12,0,18,2,1,0,0,1,2,3,2,3,3,4,2,Yes,Moderate (6-15km),Mid Career (29-40),Standard (11-14%),Medium,None,Medium
43,Male,Divorced,12,No,Travel_Rarely,Research & Development,Research Director,4,3,Life Sciences,14336,11,1,25,1,25,10,3,9,3,1,2,2,3,3,3,No,Moderate (6-15km),Experienced (41+),Standard (11-14%),Medium,Low,High
40,Female,Married,2,No,Travel_Rarely,Research & Development,Laboratory Technician,2,3,Medical,3448,22,1,20,6,1,0,0,0,3,2,3,2,4,2,3,No,Close (0-5km),Mid Career (29-40),Top Tier (19-25%),High,Low,Low
54,Male,Married,5,No,Travel_Rarely,Research & Development,Research Director,5,2,Medical,19406,11,1,24,4,4,2,1,2,4,1,1,3,3,3,2,No,Close (0-5km),Experienced (41+),Standard (11-14%),Low,Low,High
34,Female,Married,4,No,Non-Travel,Sales,Sales Executive,2,4,Marketing,6538,15,1,6,9,3,2,1,2,3,3,3,3,3,1,3,No,Close (0-5km),Mid Career (29-40),High (15-18%),High,Low,High
31,Female,Married,7,No,Travel_Rarely,Research & Development,Manufacturing Director,2,2,Medical,4306,12,1,13,1,13,10,3,12,5,2,1,3,3,2,1,No,Moderate (6-15km),Mid Career (29-40),Standard (11-14%),Low,Low,Medium
43,Male,Married,21,No,Travel_Frequently,Research & Development,Laboratory Technician,1,3,Medical,2258,20,1,8,7,3,2,1,2,1,4,4,3,4,1,3,No,Far (16+ km),Experienced (41+),Top Tier (19-25%),Very High,Low,Low
43,Female,Divorced,8,No,Travel_Rarely,Research & Development,Healthcare Representative,2,4,Other,4522,14,0,8,4,5,2,0,2,3,3,3,3,3,4,3,Yes,Moderate (6-15km),Experienced (41+),Standard (11-14%),High,None,Medium
25,Female,Single,4,No,Travel_Rarely,Sales,Sales Executive,2,2,Life Sciences,4487,11,0,5,1,5,4,1,3,3,2,4,2,3,2,3,Yes,Close (0-5km),Early Career (18-28),Standard (11-14%),Very High,None,Medium
37,Female,Married,25,No,Non-Travel,Research & Development,Research Scientist,2,5,Medical,4449,15,2,15,3,13,11,10,7,2,2,3,3,3,1,3,Yes,Far (16+ km),Mid Career (29-40),High (15-18%),High,Medium,Medium
31,Male,Married,1,No,Travel_Rarely,Research & Development,Laboratory Technician,1,2,Life Sciences,2218,12,1,4,1,4,2,3,2,3,4,1,2,3,3,3,No,Close (0-5km),Mid Career (29-40),Standard (11-14%),Low,Low,Low
39,Male,Divorced,1,No,Travel_Frequently,Research & Development,Manager,5,1,Life Sciences,19197,14,1,21,1,21,8,1,6,3,2,3,3,3,3,3,Yes,Close (0-5km),Mid Career (29-40),Standard (11-14%),High,Low,High
56,Female,Married,6,No,Travel_Frequently,Sales,Sales Executive,4,3,Life Sciences,13212,11,3,36,9,7,7,7,7,0,3,1,4,3,4,2,No,Moderate (6-15km),Experienced (41+),Standard (11-14%),Low,High,High
30,Female,Single,12,No,Travel_Rarely,Sales,Sales Executive,2,3,Technical Degree,6577,11,0,6,0,5,4,4,4,6,2,3,3,3,2,3,No,Moderate (6-15km),Mid Career (29-40),Standard (11-14%),High,None,High
41,Male,Married,1,No,Travel_Rarely,Sales,Sales Executive,3,3,Marketing,8392,16,1,10,1,10,7,0,7,2,2,1,4,3,3,3,No,Close (0-5km),Experienced (41+),High (15-18%),Low,Low,High
28,Male,Divorced,17,No,Travel_Rarely,Research & Development,Laboratory Technician,2,2,Medical,4558,12,1,10,1,10,0,1,8,2,3,1,3,3,4,3,No,Far (16+ km),Early Career (18-28),Standard (11-14%),Low,Low,Medium
25,Male,Married,3,Yes,Travel_Rarely,Research & Development,Laboratory Technician,1,3,Medical,4031,13,1,6,5,2,2,0,2,5,1,1,3,3,3,3,No,Close (0-5km),Early Career (18-28),Standard (11-14%),Low,Low,Medium
52,Male,Married,3,No,Travel_Rarely,Research & Development,Manufacturing Director,3,3,Medical,7969,14,0,28,2,5,4,0,4,4,4,3,2,3,3,3,Yes,Close (0-5km),Experienced (41+),Standard (11-14%),High,None,High
45,Male,Married,10,No,Travel_Rarely,Research & Development,Research Scientist,1,2,Life Sciences,2654,21,2,8,3,2,2,0,2,3,1,4,3,4,4,2,No,Moderate (6-15km),Experienced (41+),Top Tier (19-25%),Very High,Medium,Low
52,Female,Married,4,No,Travel_Rarely,Research & Development,Manager,4,2,Life Sciences,16555,13,0,31,2,5,2,1,4,2,4,4,3,3,4,1,No,Close (0-5km),Experienced (41+),Standard (11-14%),Very High,None,High
42,Female,Divorced,29,No,Travel_Frequently,Research & Development,Research Scientist,2,2,Life Sciences,4556,11,1,19,2,5,4,0,2,3,1,3,3,3,2,3,No,Far (16+ km),Experienced (41+),Standard (11-14%),High,Low,Medium
30,Female,Single,2,No,Travel_Rarely,Research & Development,Manufacturing Director,2,3,Life Sciences,6091,20,0,11,2,5,4,0,2,2,3,4,1,4,3,3,No,Close (0-5km),Mid Career (29-40),Top Tier (19-25%),Very High,None,Medium
60,Female,Married,7,No,Travel_Rarely,Research & Development,Manager,5,3,Life Sciences,19566,11,0,33,5,29,8,11,10,5,1,1,3,3,4,1,No,Moderate (6-15km),Experienced (41+),Standard (11-14%),Low,None,High
46,Female,Divorced,18,No,Travel_Rarely,Research & Development,Manufacturing Director,2,3,Medical,4810,14,1,19,2,10,7,0,8,5,3,3,3,3,3,2,No,Far (16+ km),Experienced (41+),Standard (11-14%),High,Low,Medium
42,Female,Married,28,No,Travel_Frequently,Research & Development,Healthcare Representative,2,4,Technical Degree,4523,11,3,7,0,6,5,0,4,4,4,4,2,3,4,4,No,Far (16+ km),Experienced (41+),Standard (11-14%),Very High,High,Medium
24,Female,Single,1,Yes,Travel_Rarely,Sales,Sales Representative,1,1,Technical Degree,3202,16,0,6,1,5,3,1,4,4,1,2,3,3,2,3,Yes,Close (0-5km),Early Career (18-28),High (15-18%),Medium,None,Low
34,Female,Divorced,6,Yes,Travel_Frequently,Sales,Sales Representative,1,2,Marketing,2351,16,1,3,0,2,2,1,0,3,4,3,1,3,4,2,No,Moderate (6-15km),Mid Career (29-40),High (15-18%),High,Low,Low
38,Male,Married,2,No,Travel_Frequently,Research & Development,Laboratory Technician,1,2,Life Sciences,1702,23,1,1,1,1,0,0,0,3,4,4,3,4,3,3,Yes,Close (0-5km),Mid Career (29-40),Top Tier (19-25%),Very High,Low,Low
40,Female,Married,2,No,Travel_Rarely,Sales,Manager,5,4,Life Sciences,18041,14,0,21,0,20,15,1,12,2,3,3,3,3,4,3,No,Close (0-5km),Mid Career (29-40),Standard (11-14%),High,None,High
26,Female,Divorced,23,No,Travel_Rarely,Research & Development,Research Scientist,1,3,Life Sciences,2886,22,2,3,1,3,2,0,2,3,1,4,3,4,2,1,No,Far (16+ km),Early Career (18-28),Top Tier (19-25%),Very High,Medium,Low
30,Male,Married,3,No,Non-Travel,Research & Development,Laboratory Technician,1,3,Life Sciences,2097,15,1,9,4,5,3,1,4,3,3,4,3,3,3,1,No,Close (0-5km),Mid Career (29-40),High (15-18%),Very High,Low,Low
29,Male,Married,3,No,Travel_Rarely,Research & Development,Research Director,3,4,Medical,11935,18,0,10,1,10,2,0,7,2,2,3,2,3,3,3,No,Close (0-5km),Mid Career (29-40),High (15-18%),High,None,High
29,Female,Married,25,Yes,Travel_Rarely,Research & Development,Research Scientist,1,5,Technical Degree,2546,16,0,6,5,2,2,1,1,2,3,2,2,3,2,4,No,Far (16+ km),Mid Career (29-40),High (15-18%),Medium,None,Low
19,Male,Single,2,Yes,Travel_Rarely,Human Resources,Human Resources,1,2,Technical Degree,2564,12,0,1,1,1,0,0,0,3,1,4,2,3,3,4,No,Close (0-5km),Early Career (18-28),Standard (11-14%),Very High,None,Low
30,Female,Married,22,No,Non-Travel,Sales,Sales Executive,3,4,Other,8412,11,0,10,0,9,8,7,8,3,3,1,3,3,3,3,No,Far (16+ km),Mid Career (29-40),Standard (11-14%),Low,None,High
57,Male,Divorced,29,No,Travel_Rarely,Sales,Manager,4,3,Marketing,14118,12,1,32,3,1,0,0,0,3,1,4,2,3,3,2,No,Far (16+ km),Experienced (41+),Standard (11-14%),Very High,Low,High
50,Male,Married,29,No,Travel_Rarely,Research & Development,Manager,4,4,Life Sciences,17046,15,1,28,0,27,10,15,7,2,2,3,2,3,2,3,No,Far (16+ km),Experienced (41+),High (15-18%),High,Low,High
30,Female,Single,2,No,Non-Travel,Research & Development,Laboratory Technician,1,3,Medical,2564,14,0,12,0,11,7,6,7,2,3,4,3,3,3,2,No,Close (0-5km),Mid Career (29-40),Standard (11-14%),Very High,None,Low
60,Female,Married,28,No,Travel_Frequently,Sales,Sales Executive,3,3,Marketing,10266,19,0,22,4,18,13,13,11,5,3,1,2,3,4,4,No,Far (16+ km),Experienced (41+),Top Tier (19-25%),Low,None,High
47,Female,Divorced,2,No,Travel_Rarely,Research & Development,Manufacturing Director,2,2,Medical,5070,13,3,20,5,5,0,0,4,2,1,4,3,3,3,3,No,Close (0-5km),Experienced (41+),Standard (11-14%),Very High,High,Medium
46,Male,Married,2,No,Travel_Rarely,Research & Development,Research Director,4,3,Life Sciences,17861,13,0,26,6,3,2,0,1,2,1,3,3,3,3,1,No,Close (0-5km),Experienced (41+),Standard (11-14%),High,None,High
35,Male,Single,22,No,Travel_Rarely,Research & Development,Laboratory Technician,1,3,Life Sciences,4230,15,0,6,0,5,4,4,3,2,4,3,1,3,3,3,No,Far (16+ km),Mid Career (29-40),High (15-18%),High,None,Medium
54,Female,Single,8,No,Travel_Rarely,Research & Development,Laboratory Technician,2,4,Life Sciences,3780,11,0,19,7,1,0,0,0,3,3,3,3,3,3,3,No,Moderate (6-15km),Experienced (41+),Standard (11-14%),High,None,Medium
34,Male,Divorced,2,No,Travel_Rarely,Research & Development,Research Scientist,1,4,Life Sciences,2768,12,1,14,3,7,3,5,7,3,4,3,2,3,3,3,No,Close (0-5km),Mid Career (29-40),Standard (11-14%),High,Low,Low
46,Female,Married,10,No,Travel_Rarely,Sales,Sales Executive,3,3,Marketing,9071,19,1,15,2,3,2,1,2,3,3,4,2,3,3,3,Yes,Moderate (6-15km),Experienced (41+),Top Tier (19-25%),Very High,Low,High
31,Male,Divorced,9,No,Travel_Rarely,Research & Development,Manufacturing Director,3,1,Life Sciences,10648,25,1,13,1,13,8,0,8,6,3,2,3,4,4,4,No,Moderate (6-15km),Mid Career (29-40),Top Tier (19-25%),Medium,Low,High
33,Male,Married,15,Yes,Travel_Rarely,Research & Development,Manager,3,1,Medical,13610,12,0,15,7,7,6,7,7,2,2,3,3,3,4,4,Yes,Moderate (6-15km),Mid Career (29-40),Standard (11-14%),High,None,High
33,Male,Divorced,10,Yes,Travel_Rarely,Research & Development,Laboratory Technician,1,1,Medical,3408,13,3,8,7,4,3,1,3,2,1,4,1,3,1,3,No,Moderate (6-15km),Mid Career (29-40),Standard (11-14%),Very High,High,Low
30,Male,Single,7,No,Travel_Rarely,Sales,Sales Representative,1,1,Marketing,2983,14,0,4,0,3,2,1,2,3,4,2,3,3,1,3,No,Moderate (6-15km),Mid Career (29-40),Standard (11-14%),Medium,None,Low
35,Male,Married,16,No,Travel_Rarely,Research & Development,Healthcare Representative,3,3,Life Sciences,7632,12,0,10,4,8,7,0,0,2,4,3,3,3,3,3,Yes,Far (16+ km),Mid Career (29-40),Standard (11-14%),High,None,High
31,Male,Married,20,Yes,Travel_Frequently,Research & Development,Healthcare Representative,3,3,Life Sciences,9824,12,0,12,3,1,0,0,0,2,1,3,3,3,1,3,No,Far (16+ km),Mid Career (29-40),Standard (11-14%),High,None,High
34,Female,Divorced,23,Yes,Travel_Frequently,Human Resources,Human Resources,3,3,Human Resources,9950,15,3,11,9,3,2,0,2,2,2,1,3,3,3,3,Yes,Far (16+ km),Mid Career (29-40),High (15-18%),Low,High,High
42,Male,Married,5,No,Travel_Frequently,Research & Development,Laboratory Technician,1,2,Other,2093,17,1,8,4,2,2,2,0,4,2,3,3,3,4,3,No,Close (0-5km),Experienced (41+),High (15-18%),High,Low,Low
36,Male,Single,10,No,Non-Travel,Sales,Sales Executive,3,4,Medical,9980,14,0,10,1,10,3,9,7,3,2,4,3,3,4,2,No,Moderate (6-15km),Mid Career (29-40),Standard (11-14%),Very High,None,High
22,Male,Single,4,Yes,Travel_Frequently,Research & Development,Laboratory Technician,1,1,Technical Degree,3894,16,0,4,5,2,2,1,2,3,3,3,2,3,3,3,No,Close (0-5km),Early Career (18-28),High (15-18%),High,None,Medium
48,Female,Married,2,No,Travel_Rarely,Sales,Sales Executive,2,5,Marketing,4051,14,1,14,2,9,7,6,7,2,2,4,3,3,1,3,No,Close (0-5km),Experienced (41+),Standard (11-14%),Very High,Low,Medium
55,Female,Single,18,No,Travel_Rarely,Sales,Manager,4,5,Life Sciences,16835,23,0,37,3,10,9,7,7,2,1,2,3,4,4,3,No,Far (16+ km),Experienced (41+),Top Tier (19-25%),Medium,None,High
41,Male,Single,10,No,Non-Travel,Sales,Sales Executive,2,2,Life Sciences,6230,14,0,16,7,14,3,1,10,3,4,4,3,3,4,3,No,Moderate (6-15km),Experienced (41+),Standard (11-14%),Very High,None,Medium
35,Male,Married,1,No,Travel_Rarely,Sales,Sales Executive,2,3,Marketing,4717,11,0,15,9,11,9,6,9,2,2,3,3,3,3,3,No,Close (0-5km),Mid Career (29-40),Standard (11-14%),High,None,Medium
40,Female,Single,6,No,Travel_Rarely,Research & Development,Manufacturing Director,4,3,Life Sciences,13237,15,0,22,7,20,6,5,13,3,2,3,3,3,3,3,No,Moderate (6-15km),Mid Career (29-40),High (15-18%),High,None,High
39,Female,Married,8,No,Travel_Frequently,Research & Development,Laboratory Technician,1,1,Life Sciences,3755,11,1,8,1,8,3,0,7,3,3,3,3,3,1,3,No,Moderate (6-15km),Mid Career (29-40),Standard (11-14%),High,Low,Medium
31,Male,Single,2,No,Travel_Rarely,Sales,Sales Executive,2,1,Life Sciences,6582,13,0,10,4,6,5,0,5,2,2,4,3,3,3,4,Yes,Close (0-5km),Mid Career (29-40),Standard (11-14%),Very High,None,High
42,Male,Married,24,No,Travel_Rarely,Research & Development,Manufacturing Director,3,3,Medical,7406,21,1,10,1,10,9,5,8,5,4,1,3,4,4,2,Yes,Far (16+ km),Experienced (41+),Top Tier (19-25%),Low,Low,High
45,Male,Married,2,No,Travel_Rarely,Sales,Sales Executive,2,3,Other,4805,19,1,9,0,8,7,3,7,3,4,2,3,3,2,4,No,Close (0-5km),Experienced (41+),Top Tier (19-25%),Medium,Low,Medium
26,Female,Divorced,17,Yes,Travel_Frequently,Human Resources,Human Resources,1,4,Life Sciences,2741,11,1,8,0,7,7,1,0,2,2,3,3,3,2,2,Yes,Far (16+ km),Early Career (18-28),Standard (11-14%),High,Low,Low
29,Male,Divorced,19,No,Travel_Rarely,Research & Development,Manufacturing Director,2,3,Technical Degree,4262,12,2,8,4,3,2,1,2,2,4,4,3,3,2,4,No,Far (16+ km),Mid Career (29-40),Standard (11-14%),Very High,Medium,Medium
33,Female,Divorced,1,No,Travel_Rarely,Research & Development,Research Director,4,5,Medical,16184,19,1,10,4,6,1,0,5,2,1,3,4,3,3,3,No,Close (0-5km),Mid Career (29-40),Top Tier (19-25%),High,Low,High
31,Male,Divorced,7,No,Travel_Rarely,Sales,Manager,3,3,Life Sciences,11557,21,1,10,9,5,4,0,1,3,3,4,2,4,3,2,No,Moderate (6-15km),Mid Career (29-40),Top Tier (19-25%),Very High,Low,High
18,Male,Single,5,Yes,Travel_Frequently,Sales,Sales Representative,1,3,Marketing,1878,14,0,0,1,0,0,0,0,3,2,2,3,3,4,3,Yes,Close (0-5km),Early Career (18-28),Standard (11-14%),Medium,None,Low
40,Male,Divorced,28,No,Non-Travel,Sales,Sales Executive,3,3,Other,10932,15,1,20,3,1,0,0,1,2,3,1,1,3,3,3,No,Far (16+ km),Mid Career (29-40),High (15-18%),Low,Low,High
41,Female,Single,2,No,Non-Travel,Research & Development,Healthcare Representative,2,4,Other,6811,17,0,10,2,8,7,0,7,3,1,3,2,3,1,3,Yes,Close (0-5km),Experienced (41+),High (15-18%),High,None,High
26,Male,Divorced,29,No,Travel_Rarely,Sales,Sales Executive,2,2,Medical,4306,12,2,8,5,0,0,0,0,5,1,3,3,3,1,3,No,Far (16+ km),Early Career (18-28),Standard (11-14%),High,Medium,Medium
35,Female,Single,1,No,Travel_Rarely,Sales,Sales Executive,2,3,Medical,4859,16,0,5,1,5,4,0,3,3,1,3,3,3,4,3,No,Close (0-5km),Mid Career (29-40),High (15-18%),High,None,Medium
34,Male,Single,21,No,Travel_Rarely,Sales,Sales Executive,2,4,Life Sciences,5337,12,0,10,1,10,7,5,7,3,4,4,4,3,4,3,No,Far (16+ km),Mid Career (29-40),Standard (11-14%),Very High,None,Medium
26,Male,Single,24,Yes,Travel_Rarely,Research & Development,Laboratory Technician,1,3,Technical Degree,2340,18,0,1,1,1,0,0,0,3,3,4,1,3,2,1,Yes,Far (16+ km),Early Career (18-28),High (15-18%),Very High,None,Low
37,Female,Single,1,No,Travel_Rarely,Research & Development,Manufacturing Director,3,3,Technical Degree,7491,17,0,12,4,6,5,1,2,3,2,4,3,3,4,4,No,Close (0-5km),Mid Career (29-40),High (15-18%),Very High,None,High
46,Female,Married,18,No,Travel_Frequently,Research & Development,Healthcare Representative,3,1,Medical,10527,11,0,28,5,2,2,1,2,3,1,3,3,3,4,2,No,Far (16+ km),Experienced (41+),Standard (11-14%),High,None,High
41,Female,Married,2,No,Travel_Rarely,Sales,Manager,4,5,Life Sciences,16595,16,1,22,7,18,16,11,8,2,2,1,3,3,2,3,No,Close (0-5km),Experienced (41+),High (15-18%),Low,Low,High
37,Male,Divorced,9,No,Non-Travel,Sales,Sales Executive,3,4,Medical,8834,13,1,9,1,9,5,7,7,6,1,2,3,3,4,3,No,Moderate (6-15km),Mid Career (29-40),Standard (11-14%),Medium,Low,High
52,Male,Divorced,6,No,Travel_Rarely,Research & Development,Research Scientist,2,2,Technical Degree,5577,12,2,18,3,10,9,6,9,3,4,1,3,3,2,3,Yes,Moderate (6-15km),Experienced (41+),Standard (11-14%),Low,Medium,Medium
32,Male,Married,11,Yes,Non-Travel,Sales,Sales Executive,2,4,Other,4707,12,0,6,8,4,2,1,2,2,4,3,4,3,4,3,No,Moderate (6-15km),Mid Career (29-40),Standard (11-14%),High,None,Medium
24,Male,Married,24,No,Travel_Frequently,Sales,Sales Representative,1,3,Medical,2400,13,2,3,0,2,2,2,1,3,4,4,3,3,3,3,No,Far (16+ km),Early Career (18-28),Standard (11-14%),Very High,Medium,Low
38,Female,Married,10,No,Travel_Rarely,Research & Development,Healthcare Representative,2,3,Medical,9824,19,1,18,3,1,0,0,0,4,3,3,3,3,3,3,No,Moderate (6-15km),Mid Career (29-40),Top Tier (19-25%),High,Low,High
37,Female,Married,1,No,Travel_Rarely,Research & Development,Manufacturing Director,2,4,Life Sciences,6447,12,1,8,6,6,5,4,3,2,2,2,3,3,2,2,No,Close (0-5km),Mid Career (29-40),Standard (11-14%),Medium,Low,Medium
49,Male,Divorced,18,No,Travel_Rarely,Research & Development,Research Director,5,4,Life Sciences,19502,17,1,31,1,31,9,0,9,5,4,3,2,3,3,3,Yes,Far (16+ km),Experienced (41+),High (15-18%),High,Low,High
24,Male,Married,23,No,Travel_Rarely,Research & Development,Research Scientist,1,3,Medical,2725,11,2,6,1,6,5,1,4,3,2,4,4,3,2,3,Yes,Far (16+ km),Early Career (18-28),Standard (11-14%),Very High,Medium,Low
26,Male,Married,28,No,Travel_Rarely,Sales,Sales Executive,2,2,Marketing,6272,20,2,6,1,5,3,1,4,5,1,2,3,4,4,4,No,Far (16+ km),Early Career (18-28),Top Tier (19-25%),Medium,Medium,Medium
24,Male,Married,17,No,Travel_Rarely,Research & Development,Laboratory Technician,1,2,Other,2127,21,1,1,1,1,0,0,0,2,4,2,2,4,4,3,No,Far (16+ km),Early Career (18-28),Top Tier (19-25%),Medium,Low,Low
50,Male,Married,3,No,Travel_Frequently,Human Resources,Manager,5,3,Medical,18200,11,1,32,1,32,5,10,7,2,1,2,3,3,3,3,No,Close (0-5km),Experienced (41+),Standard (11-14%),Medium,Low,High
25,Male,Married,13,No,Travel_Rarely,Sales,Sales Representative,1,1,Medical,2096,11,0,7,1,7,4,0,6,1,2,3,3,3,3,3,No,Moderate (6-15km),Early Career (18-28),Standard (11-14%),High,None,Low
24,Female,Married,7,Yes,Travel_Frequently,Research & Development,Laboratory Technician,1,3,Life Sciences,2886,16,1,6,1,6,3,1,2,4,1,3,3,3,4,3,Yes,Moderate (6-15km),Early Career (18-28),High (15-18%),High,Low,Low
30,Male,Married,12,Yes,Travel_Frequently,Sales,Sales Representative,1,4,Life Sciences,2033,18,1,1,1,1,0,0,0,2,2,1,2,3,3,4,No,Moderate (6-15km),Mid Career (29-40),High (15-18%),Low,Low,Low
34,Male,Married,1,No,Travel_Rarely,Research & Development,Research Scientist,1,2,Life Sciences,3622,13,1,6,1,6,5,1,3,3,2,4,2,3,4,3,Yes,Close (0-5km),Mid Career (29-40),Standard (11-14%),Very High,Low,Low
31,Male,Divorced,13,Yes,Travel_Rarely,Sales,Sales Executive,2,4,Medical,4233,17,0,9,2,3,1,1,2,2,2,1,3,3,3,1,No,Moderate (6-15km),Mid Career (29-40),High (15-18%),Low,None,Medium
35,Male,Single,25,No,Travel_Rarely,Research & Development,Laboratory Technician,2,2,Other,3681,14,0,9,4,3,2,0,2,3,1,4,2,3,4,3,No,Far (16+ km),Mid Career (29-40),Standard (11-14%),Very High,None,Medium
31,Male,Divorced,6,No,Travel_Rarely,Sales,Sales Executive,2,4,Medical,5460,22,2,13,4,7,7,5,7,4,1,4,4,4,4,4,No,Moderate (6-15km),Mid Career (29-40),Top Tier (19-25%),Very High,Medium,Medium
27,Female,Divorced,6,No,Travel_Rarely,Research & Development,Research Scientist,1,4,Medical,2187,12,2,6,0,5,3,0,3,5,1,3,2,3,3,2,No,Moderate (6-15km),Early Career (18-28),Standard (11-14%),High,Medium,Low
37,Male,Married,2,No,Travel_Rarely,Sales,Sales Executive,2,3,Marketing,9602,11,1,17,4,3,0,1,0,3,4,3,3,3,3,2,Yes,Close (0-5km),Mid Career (29-40),Standard (11-14%),High,Low,High
20,Female,Single,1,No,Travel_Rarely,Research & Development,Research Scientist,1,3,Life Sciences,2836,13,0,1,1,1,0,0,0,0,4,2,2,3,4,4,No,Close (0-5km),Early Career (18-28),Standard (11-14%),Medium,None,Low
42,Female,Married,2,No,Travel_Rarely,Research & Development,Healthcare Representative,2,4,Life Sciences,4089,13,2,10,1,10,2,2,2,4,3,4,3,3,2,3,No,Close (0-5km),Experienced (41+),Standard (11-14%),Very High,Medium,Medium
43,Male,Divorced,6,No,Travel_Rarely,Research & Development,Research Director,4,4,Other,16627,14,1,21,4,1,0,0,0,3,2,4,2,3,3,2,Yes,Moderate (6-15km),Experienced (41+),Standard (11-14%),Very High,Low,High
38,Female,Single,1,No,Travel_Rarely,Research & Development,Research Scientist,1,1,Life Sciences,2619,17,0,8,3,0,0,0,0,3,3,1,3,3,4,2,No,Close (0-5km),Mid Career (29-40),High (15-18%),Low,None,Low
43,Male,Divorced,9,No,Travel_Frequently,Research & Development,Laboratory Technician,2,5,Medical,5679,13,1,10,3,8,7,4,7,3,4,3,3,3,2,3,Yes,Moderate (6-15km),Experienced (41+),Standard (11-14%),High,Low,Medium
48,Female,Married,1,No,Travel_Rarely,Research & Development,Manager,4,4,Life Sciences,15402,11,1,21,7,3,2,0,2,3,4,1,2,3,1,1,No,Close (0-5km),Experienced (41+),Standard (11-14%),Low,Low,High
44,Female,Single,1,No,Travel_Rarely,Human Resources,Human Resources,2,4,Life Sciences,5985,11,0,10,4,2,2,0,2,1,1,3,2,3,2,4,No,Close (0-5km),Experienced (41+),Standard (11-14%),High,None,Medium
34,Female,Divorced,14,No,Travel_Rarely,Sales,Sales Representative,1,3,Technical Degree,2579,18,2,8,1,8,2,0,6,3,3,3,3,3,4,3,Yes,Moderate (6-15km),Mid Career (29-40),High (15-18%),High,Medium,Low
27,Male,Divorced,2,Yes,Travel_Rarely,Sales,Sales Representative,1,1,Marketing,3041,11,1,5,0,4,3,0,2,3,3,1,3,3,2,3,No,Close (0-5km),Early Career (18-28),Standard (11-14%),Low,Low,Low
21,Male,Single,22,No,Travel_Rarely,Sales,Sales Representative,1,1,Technical Degree,3447,11,0,3,1,3,2,1,2,2,3,3,3,3,3,3,No,Far (16+ km),Early Career (18-28),Standard (11-14%),High,None,Low
44,Male,Married,3,No,Travel_Rarely,Research & Development,Manager,5,4,Other,19513,12,1,26,4,2,2,0,1,2,4,4,3,3,1,4,Yes,Close (0-5km),Experienced (41+),Standard (11-14%),Very High,Low,High
22,Male,Married,6,No,Travel_Rarely,Research & Development,Research Scientist,1,1,Medical,2773,20,0,3,0,2,2,2,2,3,1,3,3,4,4,3,No,Moderate (6-15km),Early Career (18-28),Top Tier (19-25%),High,None,Low
33,Male,Divorced,8,No,Travel_Rarely,Sales,Sales Executive,2,4,Marketing,7104,12,0,6,0,5,0,1,2,3,3,3,3,3,4,3,No,Moderate (6-15km),Mid Career (29-40),Standard (11-14%),High,None,High
32,Female,Married,9,No,Travel_Rarely,Research & Development,Research Scientist,2,4,Life Sciences,6322,12,1,6,1,6,4,0,5,2,1,4,3,3,4,2,Yes,Moderate (6-15km),Mid Career (29-40),Standard (11-14%),Very High,Low,Medium
30,Female,Divorced,3,No,Travel_Frequently,Research & Development,Research Scientist,1,3,Medical,2083,20,1,1,1,1,0,0,0,2,3,3,3,4,3,3,No,Close (0-5km),Mid Career (29-40),Top Tier (19-25%),High,Low,Low
53,Female,Single,1,No,Travel_Rarely,Sales,Sales Executive,2,1,Medical,8381,20,0,18,7,14,7,8,10,2,4,1,3,4,4,4,No,Close (0-5km),Experienced (41+),Top Tier (19-25%),Low,None,High
34,Male,Married,1,No,Travel_Rarely,Research & Development,Research Scientist,1,5,Life Sciences,2691,12,1,10,1,10,9,8,8,4,2,4,3,3,4,2,No,Close (0-5km),Mid Career (29-40),Standard (11-14%),Very High,Low,Low
45,Female,Married,26,Yes,Travel_Frequently,Sales,Sales Executive,2,4,Life Sciences,4286,14,2,5,2,1,1,0,0,4,1,1,3,3,4,3,No,Far (16+ km),Experienced (41+),Standard (11-14%),Low,Medium,Medium
26,Female,Married,6,No,Travel_Rarely,Research & Development,Laboratory Technician,1,3,Life Sciences,2659,13,1,3,1,3,2,0,2,2,3,4,3,3,3,3,Yes,Moderate (6-15km),Early Career (18-28),Standard (11-14%),Very High,Low,Low
37,Male,Married,3,No,Travel_Rarely,Research & Development,Manufacturing Director,3,3,Other,9434,15,1,10,1,10,7,7,8,2,3,3,3,3,3,3,No,Close (0-5km),Mid Career (29-40),High (15-18%),High,Low,High
29,Female,Married,3,No,Travel_Rarely,Sales,Sales Executive,2,2,Medical,5561,14,1,6,1,6,0,1,2,5,2,3,3,3,1,2,No,Close (0-5km),Mid Career (29-40),Standard (11-14%),High,Low,Medium
35,Male,Single,6,No,Travel_Rarely,Research & Development,Research Scientist,2,4,Life Sciences,6646,13,0,17,1,17,11,11,8,3,2,4,1,3,2,3,No,Moderate (6-15km),Mid Career (29-40),Standard (11-14%),Very High,None,High
33,Male,Divorced,6,No,Travel_Frequently,Research & Development,Healthcare Representative,2,3,Life Sciences,7725,23,1,15,3,13,11,4,7,2,3,4,3,4,3,1,No,Moderate (6-15km),Mid Career (29-40),Top Tier (19-25%),Very High,Low,High
54,Male,Married,19,No,Travel_Rarely,Human Resources,Human Resources,3,4,Medical,10725,15,1,16,2,9,7,7,1,1,3,2,3,3,3,4,No,Far (16+ km),Experienced (41+),High (15-18%),Medium,Low,High
36,Male,Divorced,9,No,Travel_Rarely,Research & Development,Manufacturing Director,2,2,Medical,8847,11,1,13,2,3,2,0,2,2,2,2,2,3,3,3,Yes,Moderate (6-15km),Mid Career (29-40),Standard (11-14%),Medium,Low,High
27,Male,Single,3,No,Travel_Rarely,Research & Development,Research Scientist,1,4,Medical,2045,13,0,5,0,4,2,1,1,0,1,4,2,3,4,3,No,Close (0-5km),Early Career (18-28),Standard (11-14%),Very High,None,Low
20,Male,Single,10,Yes,Travel_Rarely,Research & Development,Research Scientist,1,1,Medical,1009,11,0,1,1,1,0,1,1,5,4,3,3,3,4,3,Yes,Moderate (6-15km),Early Career (18-28),Standard (11-14%),High,None,Low
33,Male,Single,3,Yes,Travel_Frequently,Research & Development,Research Scientist,1,3,Life Sciences,3348,11,0,10,1,10,8,9,7,3,1,1,3,3,1,3,Yes,Close (0-5km),Mid Career (29-40),Standard (11-14%),Low,None,Low
35,Male,Married,3,No,Non-Travel,Research & Development,Laboratory Technician,1,3,Life Sciences,1281,18,2,1,1,1,0,0,0,3,3,3,2,3,3,3,No,Close (0-5km),Mid Career (29-40),High (15-18%),High,Medium,Low
23,Male,Married,4,No,Travel_Rarely,Research & Development,Research Scientist,1,3,Medical,2819,16,1,5,2,3,2,0,2,3,1,1,4,3,1,4,No,Close (0-5km),Early Career (18-28),High (15-18%),Low,Low,Low
25,Male,Married,8,No,Travel_Rarely,Sales,Sales Executive,2,3,Life Sciences,4851,22,1,4,0,3,2,1,2,4,4,2,4,4,3,3,No,Moderate (6-15km),Early Career (18-28),Top Tier (19-25%),Medium,Low,Medium
38,Female,Single,7,No,Travel_Rarely,Sales,Sales Executive,2,4,Marketing,4028,20,0,8,0,7,7,0,5,2,4,4,2,4,1,3,No,Moderate (6-15km),Mid Career (29-40),Top Tier (19-25%),Very High,None,Medium
29,Male,Divorced,1,No,Travel_Frequently,Research & Development,Research Scientist,1,4,Life Sciences,2720,18,1,10,1,10,7,2,8,5,2,4,1,3,4,3,No,Close (0-5km),Mid Career (29-40),High (15-18%),Very High,Low,Low
48,Male,Married,2,No,Travel_Rarely,Sales,Sales Executive,2,1,Marketing,8120,12,0,12,3,2,2,2,2,3,2,2,4,3,4,3,No,Close (0-5km),Experienced (41+),Standard (11-14%),Medium,None,High
27,Female,Divorced,3,No,Travel_Frequently,Sales,Sales Executive,2,1,Medical,4647,20,2,6,1,6,5,0,4,3,4,4,4,4,2,3,Yes,Close (0-5km),Early Career (18-28),Top Tier (19-25%),Very High,Medium,Medium
37,Male,Single,10,No,Travel_Rarely,Research & Development,Research Scientist,1,2,Life Sciences,4680,17,0,4,3,1,0,0,0,2,4,4,4,3,1,3,No,Moderate (6-15km),Mid Career (29-40),High (15-18%),Very High,None,Medium
50,Male,Married,28,No,Travel_Rarely,Research & Development,Laboratory Technician,1,1,Medical,3221,11,3,20,1,20,8,3,8,3,4,3,4,3,3,3,Yes,Far (16+ km),Experienced (41+),Standard (11-14%),High,High,Low
34,Female,Single,9,No,Travel_Rarely,Research & Development,Healthcare Representative,3,3,Medical,8621,14,0,9,1,8,7,7,7,3,4,2,2,3,2,4,No,Moderate (6-15km),Mid Career (29-40),Standard (11-14%),Medium,None,High
24,Female,Single,3,Yes,Travel_Rarely,Sales,Sales Executive,2,2,Life Sciences,4577,14,0,4,9,2,2,2,0,3,1,3,3,3,1,3,No,Close (0-5km),Early Career (18-28),Standard (11-14%),High,None,Medium
39,Female,Single,2,No,Travel_Rarely,Research & Development,Healthcare Representative,2,4,Technical Degree,4553,11,0,20,1,20,7,11,10,4,4,3,2,3,1,3,No,Close (0-5km),Mid Career (29-40),Standard (11-14%),High,None,Medium
32,Male,Single,10,No,Travel_Rarely,Sales,Sales Executive,2,3,Marketing,5396,12,0,10,1,10,7,0,8,2,4,4,3,3,4,2,No,Moderate (6-15km),Mid Career (29-40),Standard (11-14%),Very High,None,Medium
50,Male,Married,8,Yes,Travel_Frequently,Sales,Sales Executive,2,2,Technical Degree,6796,14,1,18,3,4,3,1,3,4,2,3,3,3,1,3,Yes,Moderate (6-15km),Experienced (41+),Standard (11-14%),High,Low,High
38,Female,Single,1,No,Travel_Rarely,Research & Development,Healthcare Representative,2,4,Life Sciences,7625,13,0,10,0,9,7,1,8,4,2,4,4,3,3,2,No,Close (0-5km),Mid Career (29-40),Standard (11-14%),Very High,None,High
27,Female,Married,1,No,Travel_Rarely,Research & Development,Manufacturing Director,3,2,Life Sciences,7412,11,0,9,1,9,7,0,7,3,3,1,3,3,4,3,No,Close (0-5km),Early Career (18-28),Standard (11-14%),Low,None,High
32,Female,Single,3,No,Travel_Rarely,Research & Development,Research Director,3,2,Life Sciences,11159,15,0,10,3,7,7,7,7,6,3,4,3,3,4,3,No,Close (0-5km),Mid Career (29-40),High (15-18%),Very High,None,High
47,Male,Single,14,No,Travel_Rarely,Sales,Sales Executive,2,4,Marketing,4960,12,0,20,2,7,7,1,7,2,4,1,3,3,4,3,No,Moderate (6-15km),Experienced (41+),Standard (11-14%),Low,None,Medium
40,Male,Married,5,No,Travel_Frequently,Sales,Sales Executive,3,4,Life Sciences,10475,21,1,20,5,18,13,1,12,2,4,1,2,4,3,3,Yes,Close (0-5km),Mid Career (29-40),Top Tier (19-25%),Low,Low,High
53,Male,Married,7,No,Travel_Rarely,Research & Development,Research Director,4,3,Life Sciences,14814,19,0,32,3,5,1,1,3,3,3,3,4,3,3,3,No,Moderate (6-15km),Experienced (41+),Top Tier (19-25%),High,None,High
41,Male,Divorced,10,No,Travel_Rarely,Human Resources,Manager,5,4,Human Resources,19141,15,3,23,3,21,6,12,6,2,2,4,2,3,2,2,No,Moderate (6-15km),Experienced (41+),High (15-18%),Very High,High,High
60,Male,Single,16,No,Travel_Rarely,Sales,Sales Executive,2,4,Marketing,5405,14,0,10,8,2,2,2,2,1,1,1,3,3,4,3,No,Far (16+ km),Experienced (41+),Standard (11-14%),Low,None,Medium
27,Male,Divorced,10,No,Travel_Frequently,Research & Development,Manufacturing Director,3,2,Life Sciences,8793,21,2,9,1,9,7,1,7,4,4,1,3,4,3,2,No,Moderate (6-15km),Early Career (18-28),Top Tier (19-25%),Low,Medium,High
41,Male,Married,1,No,Travel_Rarely,Human Resources,Manager,5,3,Human Resources,19189,12,1,22,1,22,7,2,10,3,4,3,2,3,2,3,No,Close (0-5km),Experienced (41+),Standard (11-14%),High,Low,High
50,Male,Married,8,No,Travel_Rarely,Sales,Sales Representative,1,4,Marketing,3875,15,1,4,7,2,2,2,2,2,4,2,3,3,4,3,No,Moderate (6-15km),Experienced (41+),High (15-18%),Medium,Low,Medium
28,Female,Single,1,Yes,Travel_Rarely,Research & Development,Research Scientist,1,2,Life Sciences,2216,13,0,10,7,7,7,3,7,4,1,2,1,3,4,3,Yes,Close (0-5km),Early Career (18-28),Standard (11-14%),Medium,None,Low
36,Female,Married,8,No,Non-Travel,Research & Development,Research Director,3,3,Life Sciences,11713,14,1,10,9,8,7,0,5,2,1,1,4,3,1,3,No,Moderate (6-15km),Mid Career (29-40),Standard (11-14%),Low,Low,High
38,Female,Single,1,No,Travel_Rarely,Research & Development,Manufacturing Director,3,3,Life Sciences,7861,14,0,10,4,1,0,0,0,4,3,3,3,3,4,4,Yes,Close (0-5km),Mid Career (29-40),Standard (11-14%),High,None,High
44,Male,Single,24,No,Non-Travel,Research & Development,Laboratory Technician,1,3,Medical,3708,14,0,9,2,5,2,1,4,5,1,3,1,3,3,3,No,Far (16+ km),Experienced (41+),Standard (11-14%),High,None,Medium
47,Female,Divorced,3,No,Travel_Frequently,Sales,Sales Executive,4,3,Medical,13770,12,2,28,9,22,2,11,13,2,4,3,3,3,4,2,Yes,Close (0-5km),Experienced (41+),Standard (11-14%),High,Medium,High
30,Male,Divorced,27,No,Travel_Rarely,Sales,Sales Executive,2,5,Marketing,5304,23,1,10,7,8,7,7,7,2,3,4,3,4,4,2,No,Far (16+ km),Mid Career (29-40),Top Tier (19-25%),Very High,Low,Medium
29,Male,Single,10,No,Travel_Rarely,Sales,Sales Representative,1,3,Life Sciences,2642,11,0,1,1,1,0,0,0,6,3,3,3,3,3,3,No,Moderate (6-15km),Mid Career (29-40),Standard (11-14%),High,None,Low
42,Male,Divorced,19,Yes,Travel_Frequently,Research & Development,Research Scientist,1,3,Medical,2759,12,0,7,6,2,2,2,2,2,3,3,4,3,4,3,Yes,Far (16+ km),Experienced (41+),Standard (11-14%),High,None,Low
43,Male,Married,15,No,Travel_Frequently,Sales,Sales Executive,2,3,Life Sciences,6804,18,1,7,3,2,2,2,2,5,4,4,2,3,3,3,No,Moderate (6-15km),Experienced (41+),High (15-18%),Very High,Low,High
34,Female,Single,8,No,Travel_Rarely,Research & Development,Healthcare Representative,2,2,Medical,6142,11,0,10,3,5,1,4,3,2,2,3,3,3,4,3,No,Moderate (6-15km),Mid Career (29-40),Standard (11-14%),High,None,Medium
23,Male,Married,9,No,Travel_Rarely,Research & Development,Laboratory Technician,1,1,Medical,2500,14,1,5,1,4,3,0,2,2,2,1,3,3,4,4,No,Moderate (6-15km),Early Career (18-28),Standard (11-14%),Low,Low,Low
39,Female,Married,3,No,Travel_Rarely,Human Resources,Human Resources,2,3,Human Resources,6389,15,1,12,9,8,3,3,6,3,3,2,4,3,3,1,No,Close (0-5km),Mid Career (29-40),High (15-18%),Medium,Low,Medium
56,Male,Married,9,No,Travel_Rarely,Research & Development,Healthcare Representative,4,3,Medical,11103,11,0,30,7,10,7,1,1,1,3,4,3,3,3,2,No,Moderate (6-15km),Experienced (41+),Standard (11-14%),Very High,None,High
40,Female,Single,2,No,Travel_Rarely,Research & Development,Research Scientist,1,1,Medical,2342,20,0,5,0,4,2,2,3,2,4,4,2,4,4,2,Yes,Close (0-5km),Mid Career (29-40),Top Tier (19-25%),Very High,None,Low
27,Female,Single,7,No,Travel_Rarely,Research & Development,Healthcare Representative,2,3,Medical,6811,19,0,9,8,7,6,0,7,2,4,1,2,3,1,1,No,Moderate (6-15km),Early Career (18-28),Top Tier (19-25%),Low,None,High
29,Male,Divorced,10,No,Travel_Rarely,Sales,Sales Representative,1,3,Marketing,2297,14,2,2,1,2,2,2,2,2,4,2,3,3,4,3,No,Moderate (6-15km),Mid Career (29-40),Standard (11-14%),Medium,Medium,Low
53,Male,Single,6,No,Travel_Rarely,Research & Development,Laboratory Technician,2,3,Life Sciences,2450,17,0,19,2,2,2,2,2,4,4,4,3,3,4,3,No,Moderate (6-15km),Experienced (41+),High (15-18%),Very High,None,Low
35,Female,Divorced,2,No,Non-Travel,Research & Development,Healthcare Representative,2,4,Life Sciences,5093,11,1,16,2,1,0,0,0,2,4,1,3,3,1,4,No,Close (0-5km),Mid Career (29-40),Standard (11-14%),Low,Low,Medium
32,Male,Married,24,No,Travel_Frequently,Research & Development,Laboratory Technician,2,4,Life Sciences,5309,15,2,10,1,10,8,4,7,2,1,4,3,3,4,3,No,Far (16+ km),Mid Career (29-40),High (15-18%),Very High,Medium,Medium
38,Male,Married,2,No,Travel_Rarely,Research & Development,Research Scientist,1,5,Medical,3057,13,1,6,6,1,0,0,1,0,4,3,3,3,2,1,Yes,Close (0-5km),Mid Career (29-40),Standard (11-14%),High,Low,Low
34,Female,Divorced,8,No,Travel_Rarely,Research & Development,Manufacturing Director,2,5,Life Sciences,5121,14,1,7,3,0,0,0,0,3,2,1,3,3,3,3,No,Moderate (6-15km),Mid Career (29-40),Standard (11-14%),Low,Low,Medium
52,Male,Married,3,No,Travel_Rarely,Sales,Manager,4,4,Marketing,16856,11,0,34,1,34,6,1,16,3,3,1,2,3,1,4,No,Close (0-5km),Experienced (41+),Standard (11-14%),Low,None,High
33,Male,Single,1,Yes,Travel_Rarely,Research & Development,Research Scientist,1,4,Other,2686,13,0,10,1,10,9,7,8,2,4,4,3,3,3,2,Yes,Close (0-5km),Mid Career (29-40),Standard (11-14%),Very High,None,Low
25,Female,Single,26,No,Travel_Rarely,Sales,Sales Executive,2,1,Medical,6180,23,0,6,1,6,5,1,4,5,3,4,3,4,2,2,No,Far (16+ km),Early Career (18-28),Top Tier (19-25%),Very High,None,Medium
45,Male,Single,2,No,Travel_Rarely,Sales,Sales Representative,2,2,Technical Degree,6632,13,0,9,0,8,7,3,1,3,2,3,1,3,1,3,No,Close (0-5km),Experienced (41+),Standard (11-14%),High,None,High
23,Male,Single,10,No,Travel_Rarely,Research & Development,Research Scientist,1,1,Medical,3505,18,0,2,1,2,2,0,2,3,1,3,4,3,4,3,No,Moderate (6-15km),Early Career (18-28),High (15-18%),High,None,Low
47,Female,Single,27,Yes,Travel_Frequently,Sales,Sales Executive,2,2,Life Sciences,6397,12,0,8,4,5,4,1,3,2,2,3,4,3,4,3,Yes,Far (16+ km),Experienced (41+),Standard (11-14%),High,None,Medium
34,Male,Single,2,No,Travel_Rarely,Sales,Sales Executive,2,3,Other,6274,22,0,6,1,6,5,1,4,5,4,4,3,4,3,3,No,Close (0-5km),Mid Career (29-40),Top Tier (19-25%),Very High,None,Medium
55,Male,Married,2,Yes,Travel_Rarely,Research & Development,Manager,5,3,Medical,19859,13,1,24,5,5,2,1,4,2,4,1,3,3,4,3,Yes,Close (0-5km),Experienced (41+),Standard (11-14%),Low,Low,High
36,Male,Single,8,No,Non-Travel,Sales,Sales Executive,3,4,Life Sciences,7587,15,0,10,1,10,7,0,9,1,1,1,2,3,2,3,No,Moderate (6-15km),Mid Career (29-40),High (15-18%),Low,None,High
52,Male,Married,19,No,Non-Travel,Research & Development,Research Scientist,1,4,Medical,4258,18,1,5,0,4,3,1,2,3,4,4,3,3,1,3,No,Far (16+ km),Experienced (41+),High (15-18%),Very High,Low,Medium
26,Female,Divorced,1,No,Travel_Frequently,Research & Development,Laboratory Technician,1,2,Life Sciences,4364,14,1,5,3,2,2,2,0,2,1,4,1,3,1,3,No,Close (0-5km),Early Career (18-28),Standard (11-14%),Very High,Low,Medium
29,Female,Married,27,No,Travel_Rarely,Research & Development,Healthcare Representative,2,3,Medical,4335,12,1,11,4,8,7,1,1,3,2,3,3,3,1,2,No,Far (16+ km),Mid Career (29-40),Standard (11-14%),High,Low,Medium
26,Male,Single,8,Yes,Travel_Rarely,Sales,Sales Executive,2,3,Technical Degree,5326,17,0,6,6,4,3,1,2,2,4,1,2,3,3,2,No,Moderate (6-15km),Early Career (18-28),High (15-18%),Low,None,Medium
34,Female,Single,1,No,Travel_Rarely,Research & Development,Research Scientist,1,4,Life Sciences,3280,16,0,10,2,4,2,1,3,2,2,4,4,3,3,3,No,Close (0-5km),Mid Career (29-40),High (15-18%),Very High,None,Low
54,Female,Divorced,19,No,Travel_Rarely,Research & Development,Manufacturing Director,2,4,Medical,5485,11,2,9,9,5,3,1,4,4,4,1,3,3,2,3,Yes,Far (16+ km),Experienced (41+),Standard (11-14%),Low,Medium,Medium
27,Male,Married,8,No,Travel_Frequently,Sales,Sales Executive,2,1,Marketing,4342,19,1,5,0,4,2,1,1,3,3,4,3,3,2,3,No,Moderate (6-15km),Early Career (18-28),Top Tier (19-25%),Very High,Low,Medium
37,Female,Divorced,10,No,Travel_Rarely,Research & Development,Research Scientist,1,1,Life Sciences,2782,13,2,6,0,5,3,4,3,3,4,1,3,3,2,2,Yes,Moderate (6-15km),Mid Career (29-40),Standard (11-14%),Low,Medium,Low
38,Female,Single,2,No,Travel_Frequently,Research & Development,Manufacturing Director,2,4,Life Sciences,5980,12,0,17,6,15,7,4,12,2,1,1,4,3,4,3,Yes,Close (0-5km),Mid Career (29-40),Standard (11-14%),Low,None,Medium
34,Female,Single,2,No,Travel_Rarely,Research & Development,Research Scientist,1,4,Medical,4381,11,0,6,1,6,5,1,3,3,3,1,2,3,3,3,No,Close (0-5km),Mid Career (29-40),Standard (11-14%),Low,None,Medium
35,Female,Married,8,No,Travel_Rarely,Sales,Sales Representative,1,4,Life Sciences,2572,16,1,3,1,3,2,0,2,1,1,4,3,3,2,2,No,Moderate (6-15km),Mid Career (29-40),High (15-18%),Very High,Low,Low
30,Male,Married,1,No,Travel_Rarely,Research & Development,Laboratory Technician,1,3,Life Sciences,3833,21,2,7,3,2,2,0,2,2,4,3,1,4,3,3,No,Close (0-5km),Mid Career (29-40),Top Tier (19-25%),High,Medium,Medium
40,Female,Married,2,No,Travel_Frequently,Research & Development,Healthcare Representative,2,2,Medical,4244,24,1,8,1,8,7,3,7,2,3,2,4,4,4,3,No,Close (0-5km),Mid Career (29-40),Top Tier (19-25%),Medium,Low,Medium
34,Female,Married,8,No,Travel_Rarely,Sales,Sales Executive,2,2,Life Sciences,6500,17,1,6,5,3,2,1,2,1,3,1,3,3,2,3,No,Moderate (6-15km),Mid Career (29-40),High (15-18%),Low,Low,Medium
42,Male,Divorced,8,No,Travel_Frequently,Research & Development,Manager,5,3,Life Sciences,18430,13,1,24,1,24,7,14,9,4,2,4,3,3,2,2,No,Moderate (6-15km),Experienced (41+),Standard (11-14%),Very High,Low,High
23,Male,Married,6,Yes,Travel_Rarely,Research & Development,Laboratory Technician,1,3,Life Sciences,1601,21,2,1,1,0,0,0,0,2,3,1,4,4,3,3,Yes,Moderate (6-15km),Early Career (18-28),Top Tier (19-25%),Low,Medium,Low
24,Male,Divorced,9,No,Non-Travel,Research & Development,Laboratory Technician,1,3,Life Sciences,2694,11,3,1,1,1,0,0,0,4,3,2,2,3,3,3,No,Moderate (6-15km),Early Career (18-28),Standard (11-14%),Medium,High,Low
52,Female,Married,11,No,Travel_Rarely,Research & Development,Laboratory Technician,2,4,Life Sciences,3149,20,1,9,8,5,2,1,4,3,4,3,3,4,2,3,No,Moderate (6-15km),Experienced (41+),Top Tier (19-25%),High,Low,Low
50,Male,Married,2,No,Travel_Rarely,Research & Development,Research Director,4,3,Medical,17639,16,0,30,5,4,3,0,3,3,3,3,3,3,4,3,No,Close (0-5km),Experienced (41+),High (15-18%),High,None,High
29,Female,Married,1,Yes,Travel_Rarely,Research & Development,Laboratory Technician,1,2,Life Sciences,2319,11,1,1,1,1,0,0,0,1,2,1,2,3,4,3,Yes,Close (0-5km),Mid Career (29-40),Standard (11-14%),Low,Low,Low
33,Male,Married,7,No,Travel_Rarely,Research & Development,Research Director,3,3,Medical,11691,11,0,14,0,13,9,3,7,3,3,3,3,3,4,4,No,Moderate (6-15km),Mid Career (29-40),Standard (11-14%),High,None,High
33,Female,Single,16,Yes,Travel_Rarely,Sales,Sales Executive,2,3,Marketing,5324,15,0,6,5,3,2,0,2,3,1,1,3,3,3,3,No,Far (16+ km),Mid Career (29-40),High (15-18%),Low,None,Medium
47,Female,Married,2,No,Travel_Rarely,Research & Development,Manager,4,2,Other,16752,11,1,26,1,26,14,3,0,3,3,4,3,3,3,2,Yes,Close (0-5km),Experienced (41+),Standard (11-14%),Very High,Low,High
36,Female,Married,1,No,Travel_Rarely,Research & Development,Manufacturing Director,2,3,Other,5228,15,1,10,0,9,7,0,5,2,3,2,3,3,1,3,No,Close (0-5km),Mid Career (29-40),High (15-18%),Medium,Low,Medium
29,Male,Married,23,No,Travel_Rarely,Research & Development,Research Scientist,1,2,Life Sciences,2700,24,1,10,1,10,7,0,7,3,3,3,4,4,3,3,No,Far (16+ km),Mid Career (29-40),Top Tier (19-25%),High,Low,Low
58,Male,Single,2,Yes,Travel_Rarely,Research & Development,Research Director,5,4,Life Sciences,19246,12,0,40,7,31,15,13,8,2,4,2,3,3,4,3,Yes,Close (0-5km),Experienced (41+),Standard (11-14%),Medium,None,High
35,Female,Single,1,No,Travel_Rarely,Research & Development,Research Scientist,1,4,Life Sciences,2506,13,0,7,3,2,2,2,2,0,4,3,4,3,3,3,No,Close (0-5km),Mid Career (29-40),Standard (11-14%),High,None,Low
42,Female,Married,1,No,Travel_Rarely,Research & Development,Manufacturing Director,2,2,Life Sciences,6062,13,1,8,9,4,3,0,2,4,4,4,2,3,4,3,Yes,Close (0-5km),Experienced (41+),Standard (11-14%),Very High,Low,Medium
28,Male,Single,2,Yes,Travel_Rarely,Research & Development,Research Scientist,1,4,Medical,4382,17,0,5,6,2,2,2,1,3,3,3,3,3,4,2,No,Close (0-5km),Early Career (18-28),High (15-18%),High,None,Medium
36,Male,Married,13,No,Travel_Rarely,Human Resources,Human Resources,1,3,Human Resources,2143,13,1,8,4,5,2,0,4,2,3,2,3,3,2,3,No,Moderate (6-15km),Mid Career (29-40),Standard (11-14%),Medium,Low,Low
32,Female,Married,4,No,Travel_Rarely,Research & Development,Manufacturing Director,2,3,Life Sciences,6162,12,1,14,1,14,13,6,8,3,3,3,2,3,3,3,No,Close (0-5km),Mid Career (29-40),Standard (11-14%),High,Low,Medium
40,Male,Single,16,No,Travel_Frequently,Research & Development,Laboratory Technician,2,4,Medical,5094,14,0,10,6,1,0,0,0,6,1,3,2,3,4,3,No,Far (16+ km),Mid Career (29-40),Standard (11-14%),High,None,Medium
30,Female,Single,2,No,Travel_Rarely,Research & Development,Manufacturing Director,2,3,Medical,6877,24,0,12,5,0,0,0,0,4,3,4,2,4,2,2,Yes,Close (0-5km),Mid Career (29-40),Top Tier (19-25%),Very High,None,High
45,Female,Single,2,No,Travel_Rarely,Research & Development,Research Scientist,1,3,Life Sciences,2274,14,0,1,1,1,0,0,0,3,2,3,2,3,4,3,No,Close (0-5km),Experienced (41+),Standard (11-14%),High,None,Low
42,Male,Married,29,No,Travel_Rarely,Research & Development,Manufacturing Director,2,3,Life Sciences,4434,13,1,10,1,9,8,7,8,3,2,2,3,3,4,2,No,Far (16+ km),Experienced (41+),Standard (11-14%),Medium,Low,Medium
38,Male,Divorced,12,No,Travel_Frequently,Research & Development,Healthcare Representative,2,3,Life Sciences,6288,15,1,13,2,4,3,1,2,3,1,1,2,3,3,2,No,Moderate (6-15km),Mid Career (29-40),High (15-18%),Low,Low,Medium
34,Female,Single,16,No,Travel_Frequently,Research & Development,Research Scientist,1,4,Life Sciences,2553,16,0,6,1,5,2,1,3,3,3,4,2,3,3,3,No,Far (16+ km),Mid Career (29-40),High (15-18%),Very High,None,Low
49,Female,Married,11,Yes,Travel_Rarely,Sales,Sales Executive,3,3,Marketing,7654,18,2,9,1,9,8,7,7,3,3,4,3,3,1,4,No,Moderate (6-15km),Experienced (41+),High (15-18%),Very High,Medium,High
55,Male,Single,2,Yes,Travel_Rarely,Sales,Sales Executive,2,1,Medical,5160,16,0,12,4,9,7,7,3,3,3,4,3,3,3,2,No,Close (0-5km),Experienced (41+),High (15-18%),Very High,None,Medium
43,Male,Married,14,No,Travel_Rarely,Research & Development,Research Director,4,2,Life Sciences,17159,24,1,22,6,4,1,1,0,3,2,1,3,4,3,3,No,Moderate (6-15km),Experienced (41+),Top Tier (19-25%),Low,Low,High
27,Male,Divorced,5,No,Travel_Rarely,Research & Development,Research Director,3,1,Technical Degree,12808,16,1,9,1,9,8,0,8,3,3,4,2,3,2,3,Yes,Close (0-5km),Early Career (18-28),High (15-18%),Very High,Low,High
35,Male,Single,7,No,Travel_Rarely,Research & Development,Manufacturing Director,3,3,Other,10221,21,0,17,3,8,5,1,6,3,3,3,3,4,2,4,No,Moderate (6-15km),Mid Career (29-40),Top Tier (19-25%),High,None,High
28,Female,Married,2,No,Travel_Rarely,Sales,Sales Executive,2,4,Marketing,4779,20,0,8,1,8,7,7,5,2,2,2,3,4,1,3,Yes,Close (0-5km),Early Career (18-28),Top Tier (19-25%),Medium,None,Medium
34,Male,Married,3,No,Travel_Rarely,Human Resources,Human Resources,1,2,Human Resources,3737,19,1,4,0,3,2,0,2,1,3,4,3,3,3,1,No,Close (0-5km),Mid Career (29-40),Top Tier (19-25%),Very High,Low,Medium
26,Female,Married,5,Yes,Travel_Frequently,Research & Development,Research Scientist,1,2,Medical,2366,14,1,8,1,8,7,1,7,2,3,3,2,3,1,3,Yes,Close (0-5km),Early Career (18-28),Standard (11-14%),High,Low,Low
27,Male,Married,3,No,Non-Travel,Research & Development,Research Scientist,1,3,Medical,1706,11,3,0,1,0,0,0,0,6,4,4,3,3,3,2,No,Close (0-5km),Early Career (18-28),Standard (11-14%),Very High,High,Low
51,Female,Married,26,No,Travel_Rarely,Sales,Manager,4,4,Marketing,16307,14,1,29,2,20,6,4,17,2,1,3,3,3,3,2,No,Far (16+ km),Experienced (41+),Standard (11-14%),High,Low,High
44,Male,Single,4,No,Travel_Rarely,Research & Development,Healthcare Representative,2,3,Medical,5933,12,0,10,9,5,2,2,3,2,4,2,3,3,4,2,No,Close (0-5km),Experienced (41+),Standard (11-14%),Medium,None,Medium
25,Male,Single,2,No,Travel_Rarely,Research & Development,Research Scientist,1,1,Medical,3424,13,0,6,7,4,3,0,1,3,1,1,4,3,3,2,No,Close (0-5km),Early Career (18-28),Standard (11-14%),Low,None,Low
33,Male,Divorced,1,No,Travel_Rarely,Sales,Sales Executive,2,3,Medical,4037,22,1,9,1,9,8,0,8,5,1,1,4,4,1,3,No,Close (0-5km),Mid Career (29-40),Top Tier (19-25%),Low,Low,Medium
35,Female,Single,27,No,Travel_Rarely,Research & Development,Research Scientist,1,1,Medical,2559,11,0,6,1,6,5,1,1,3,3,1,2,3,4,2,No,Far (16+ km),Mid Career (29-40),Standard (11-14%),Low,None,Low
36,Male,Married,1,No,Travel_Rarely,Sales,Sales Executive,2,2,Life Sciences,6201,14,1,18,1,18,14,4,11,1,2,4,3,3,4,2,Yes,Close (0-5km),Mid Career (29-40),Standard (11-14%),Very High,Low,Medium
32,Male,Divorced,13,No,Travel_Rarely,Sales,Sales Executive,2,4,Life Sciences,4403,11,1,8,2,5,2,0,3,3,2,4,3,3,3,2,No,Moderate (6-15km),Mid Career (29-40),Standard (11-14%),Very High,Low,Medium
30,Male,Divorced,5,No,Travel_Frequently,Research & Development,Research Scientist,1,4,Life Sciences,3761,12,1,10,9,5,4,0,3,3,2,4,2,3,2,2,No,Close (0-5km),Mid Career (29-40),Standard (11-14%),Very High,Low,Medium
53,Female,Married,7,No,Travel_Rarely,Sales,Sales Executive,3,2,Marketing,10934,18,1,35,7,5,2,0,4,3,1,4,2,3,4,3,Yes,Moderate (6-15km),Experienced (41+),High (15-18%),Very High,Low,High
45,Male,Divorced,9,No,Travel_Rarely,Sales,Sales Executive,3,3,Marketing,10761,12,1,18,4,5,4,0,2,2,4,1,3,3,3,3,Yes,Moderate (6-15km),Experienced (41+),Standard (11-14%),Low,Low,High
32,Female,Married,8,No,Travel_Rarely,Research & Development,Research Scientist,2,2,Medical,5175,12,1,9,5,5,3,1,3,3,3,3,4,3,3,2,No,Moderate (6-15km),Mid Career (29-40),Standard (11-14%),High,Low,Medium
52,Female,Married,25,No,Travel_Frequently,Research & Development,Manufacturing Director,4,4,Medical,13826,22,0,31,3,9,8,0,0,3,3,4,2,4,3,3,No,Far (16+ km),Experienced (41+),Top Tier (19-25%),Very High,None,High
37,Male,Divorced,16,No,Travel_Rarely,Sales,Sales Executive,2,4,Marketing,6334,19,2,9,4,1,0,0,0,2,4,3,2,3,4,3,No,Far (16+ km),Mid Career (29-40),Top Tier (19-25%),High,Medium,Medium
28,Male,Divorced,8,No,Travel_Rarely,Human Resources,Human Resources,1,2,Medical,4936,13,1,6,1,5,1,0,4,6,2,4,2,3,4,3,No,Moderate (6-15km),Early Career (18-28),Standard (11-14%),Very High,Low,Medium
22,Male,Married,1,No,Travel_Rarely,Research & Development,Manufacturing Director,2,2,Life Sciences,4775,22,2,4,6,2,2,2,2,2,4,4,2,4,1,1,No,Close (0-5km),Early Career (18-28),Top Tier (19-25%),Very High,Medium,Medium
44,Male,Married,8,No,Travel_Rarely,Research & Development,Laboratory Technician,1,4,Life Sciences,2818,24,1,10,2,3,2,0,2,2,1,4,4,4,3,2,Yes,Moderate (6-15km),Experienced (41+),Top Tier (19-25%),Very High,Low,Low
42,Male,Single,2,No,Travel_Frequently,Research & Development,Research Scientist,1,1,Medical,2515,14,0,8,5,2,1,2,2,2,2,4,3,3,4,3,Yes,Close (0-5km),Experienced (41+),Standard (11-14%),Very High,None,Low
36,Male,Married,8,No,Travel_Rarely,Human Resources,Human Resources,1,3,Life Sciences,2342,21,0,6,0,5,4,0,3,3,1,1,2,4,3,3,No,Moderate (6-15km),Mid Career (29-40),Top Tier (19-25%),Low,None,Low
25,Male,Married,3,No,Travel_Rarely,Sales,Sales Executive,2,1,Other,4194,18,0,5,1,5,3,0,3,3,3,1,3,3,4,3,Yes,Close (0-5km),Early Career (18-28),High (15-18%),Low,None,Medium
35,Female,Married,9,No,Travel_Rarely,Research & Development,Manufacturing Director,3,3,Life Sciences,10685,20,1,17,1,17,14,5,15,2,4,3,2,4,2,3,Yes,Moderate (6-15km),Mid Career (29-40),Top Tier (19-25%),High,Low,High
35,Female,Divorced,25,Yes,Travel_Frequently,Research & Development,Research Scientist,1,4,Life Sciences,2022,19,1,10,1,10,2,7,8,3,4,2,3,3,1,2,Yes,Far (16+ km),Mid Career (29-40),Top Tier (19-25%),Medium,Low,Low
32,Male,Divorced,1,No,Non-Travel,Research & Development,Laboratory Technician,1,3,Life Sciences,2314,12,1,4,0,3,0,0,2,2,4,4,3,3,2,3,No,Close (0-5km),Mid Career (29-40),Standard (11-14%),Very High,Low,Low
25,Male,Married,4,No,Travel_Rarely,Sales,Sales Executive,2,1,Marketing,4256,12,0,5,1,5,2,0,3,1,3,1,2,3,1,4,No,Close (0-5km),Early Career (18-28),Standard (11-14%),Low,None,Medium
49,Female,Married,1,No,Travel_Rarely,Research & Development,Research Scientist,1,3,Technical Degree,3580,16,1,7,2,4,2,0,2,2,3,1,3,3,2,3,No,Close (0-5km),Experienced (41+),High (15-18%),Low,Low,Low
24,Male,Married,4,No,Non-Travel,Research & Development,Laboratory Technician,1,1,Life Sciences,3162,17,0,6,0,5,2,3,4,2,1,4,2,3,4,2,No,Close (0-5km),Early Career (18-28),High (15-18%),Very High,None,Low
32,Male,Married,5,No,Travel_Frequently,Sales,Sales Executive,2,2,Life Sciences,6524,14,1,10,1,10,8,5,3,3,2,2,3,3,4,3,No,Close (0-5km),Mid Career (29-40),Standard (11-14%),Medium,Low,Medium
38,Male,Married,9,No,Travel_Rarely,Sales,Sales Representative,1,3,Marketing,2899,19,1,3,0,2,2,1,2,3,2,2,2,3,4,3,No,Moderate (6-15km),Mid Career (29-40),Top Tier (19-25%),Medium,Low,Low
42,Female,Married,3,No,Travel_Rarely,Research & Development,Laboratory Technician,2,3,Life Sciences,5231,13,1,17,2,5,3,1,3,1,3,4,4,3,2,2,Yes,Close (0-5km),Experienced (41+),Standard (11-14%),Very High,Low,Medium
31,Male,Married,11,No,Travel_Rarely,Research & Development,Research Scientist,1,4,Life Sciences,2356,19,1,8,3,6,4,0,2,2,4,4,3,3,2,3,Yes,Moderate (6-15km),Mid Career (29-40),Top Tier (19-25%),Very High,Low,Low
29,Female,Divorced,1,Yes,Travel_Rarely,Sales,Sales Representative,1,3,Medical,2800,19,3,5,6,3,2,0,2,3,2,3,2,3,3,3,Yes,Close (0-5km),Mid Career (29-40),Top Tier (19-25%),High,High,Low
53,Male,Married,8,No,Travel_Rarely,Sales,Sales Executive,4,3,Marketing,11836,14,1,28,5,2,0,2,2,3,1,4,3,3,3,3,No,Moderate (6-15km),Experienced (41+),Standard (11-14%),Very High,Low,High
35,Male,Married,25,No,Travel_Rarely,Research & Development,Manufacturing Director,3,3,Technical Degree,10903,16,0,16,3,13,10,4,8,2,4,2,2,3,1,3,No,Far (16+ km),Mid Career (29-40),High (15-18%),Medium,None,High
37,Female,Married,21,No,Travel_Frequently,Sales,Sales Representative,1,2,Medical,2973,15,1,10,5,5,4,0,0,3,3,4,3,3,2,3,No,Far (16+ km),Mid Career (29-40),High (15-18%),Very High,Low,Low
53,Female,Single,23,No,Travel_Rarely,Research & Development,Research Director,4,4,Life Sciences,14275,18,0,33,6,12,9,3,8,0,4,4,3,3,3,3,No,Far (16+ km),Experienced (41+),High (15-18%),Very High,None,High
43,Female,Married,1,No,Travel_Frequently,Research & Development,Healthcare Representative,2,3,Life Sciences,5562,13,1,12,4,5,2,2,2,2,4,4,3,3,2,2,No,Close (0-5km),Experienced (41+),Standard (11-14%),Very High,Low,Medium
47,Female,Married,2,No,Travel_Rarely,Sales,Sales Executive,2,2,Marketing,4537,22,1,8,0,7,6,7,7,2,3,4,3,4,1,3,Yes,Close (0-5km),Experienced (41+),Top Tier (19-25%),Very High,Low,Medium
37,Male,Single,19,No,Non-Travel,Sales,Sales Executive,3,2,Medical,7642,13,0,10,1,10,0,0,9,2,1,2,3,3,4,3,Yes,Far (16+ km),Mid Career (29-40),Standard (11-14%),Medium,None,High
50,Male,Divorced,2,No,Non-Travel,Research & Development,Manager,4,4,Life Sciences,17924,11,1,31,1,31,6,14,7,3,1,1,3,3,4,3,No,Close (0-5km),Experienced (41+),Standard (11-14%),Low,Low,High
39,Female,Married,2,No,Travel_Rarely,Human Resources,Human Resources,2,3,Life Sciences,5204,11,2,13,8,5,4,0,4,2,4,4,2,3,3,3,No,Close (0-5km),Mid Career (29-40),Standard (11-14%),Very High,Medium,Medium
33,Male,Divorced,3,No,Travel_Rarely,Human Resources,Human Resources,1,2,Human Resources,2277,11,1,7,3,4,3,0,3,4,4,2,3,3,3,4,Yes,Close (0-5km),Mid Career (29-40),Standard (11-14%),Medium,Low,Low
32,Male,Single,25,Yes,Travel_Rarely,Research & Development,Laboratory Technician,1,4,Life Sciences,2795,24,0,1,1,1,0,0,1,2,1,4,3,4,3,1,Yes,Far (16+ km),Mid Career (29-40),Top Tier (19-25%),Very High,None,Low
29,Female,Divorced,7,No,Travel_Rarely,Research & Development,Laboratory Technician,1,1,Medical,2532,14,3,8,6,4,3,0,3,5,1,4,2,3,3,3,No,Moderate (6-15km),Mid Career (29-40),Standard (11-14%),Very High,High,Low
44,Male,Married,9,No,Travel_Rarely,Research & Development,Research Scientist,1,2,Life Sciences,2559,13,0,8,1,8,7,7,1,0,2,1,3,3,4,3,Yes,Moderate (6-15km),Experienced (41+),Standard (11-14%),Low,None,Low
28,Male,Single,5,No,Travel_Rarely,Sales,Sales Executive,2,4,Medical,4908,14,0,4,1,4,2,0,2,3,1,4,3,3,2,3,No,Close (0-5km),Early Career (18-28),Standard (11-14%),Very High,None,Medium
58,Male,Divorced,2,Yes,Travel_Frequently,Research & Development,Laboratory Technician,1,1,Life Sciences,2380,14,1,3,9,1,0,0,0,3,4,4,2,3,4,2,Yes,Close (0-5km),Experienced (41+),Standard (11-14%),Very High,Low,Low
43,Female,Divorced,8,No,Travel_Rarely,Research & Development,Manufacturing Director,2,3,Life Sciences,4765,21,1,4,4,1,0,0,0,2,1,2,3,4,3,4,No,Moderate (6-15km),Experienced (41+),Top Tier (19-25%),Medium,Low,Medium
20,Female,Single,2,Yes,Travel_Rarely,Sales,Sales Representative,1,3,Medical,2044,13,0,2,1,2,2,0,2,3,3,3,2,3,4,2,No,Close (0-5km),Early Career (18-28),Standard (11-14%),High,None,Low
21,Female,Single,18,Yes,Travel_Rarely,Research & Development,Research Scientist,1,1,Other,2693,19,0,1,1,1,0,0,0,3,4,4,3,3,1,2,No,Far (16+ km),Early Career (18-28),Top Tier (19-25%),Very High,None,Low
36,Male,Married,14,No,Travel_Rarely,Research & Development,Healthcare Representative,2,1,Life Sciences,6586,17,1,17,0,16,8,4,11,2,3,4,3,3,1,2,Yes,Moderate (6-15km),Mid Career (29-40),High (15-18%),Very High,Low,High
47,Female,Single,2,No,Travel_Rarely,Sales,Sales Representative,1,4,Life Sciences,3294,18,0,3,1,3,2,1,2,3,4,4,2,3,1,2,Yes,Close (0-5km),Experienced (41+),High (15-18%),Very High,None,Low
22,Female,Married,3,Yes,Travel_Rarely,Research & Development,Manufacturing Director,2,1,Life Sciences,4171,19,1,4,0,3,2,0,2,3,2,3,3,3,1,4,Yes,Close (0-5km),Early Career (18-28),Top Tier (19-25%),High,Low,Medium
41,Female,Divorced,2,Yes,Travel_Rarely,Research & Development,Laboratory Technician,1,4,Life Sciences,2778,13,1,10,4,7,7,1,0,1,2,4,1,3,3,2,Yes,Close (0-5km),Experienced (41+),Standard (11-14%),Very High,Low,Low
28,Female,Divorced,9,No,Travel_Rarely,Research & Development,Research Scientist,1,3,Medical,2377,18,1,6,5,2,2,2,2,2,3,3,3,3,2,3,No,Moderate (6-15km),Early Career (18-28),High (15-18%),High,Low,Low
39,Male,Married,6,Yes,Travel_Rarely,Research & Development,Laboratory Technician,1,3,Medical,2404,21,0,8,7,2,2,2,2,2,4,1,3,4,4,1,Yes,Moderate (6-15km),Mid Career (29-40),Top Tier (19-25%),Low,None,Low
27,Female,Single,4,No,Travel_Rarely,Research & Development,Research Scientist,1,3,Life Sciences,2318,19,0,1,1,1,1,0,0,2,2,3,3,3,3,3,No,Close (0-5km),Early Career (18-28),Top Tier (19-25%),High,None,Low
34,Male,Divorced,10,No,Travel_Rarely,Research & Development,Laboratory Technician,1,3,Life Sciences,2008,14,2,1,1,1,0,1,0,3,2,2,3,3,2,3,No,Moderate (6-15km),Mid Career (29-40),Standard (11-14%),Medium,Medium,Low
42,Female,Single,14,No,Travel_Rarely,Sales,Sales Executive,2,2,Medical,6244,17,0,10,7,5,4,0,3,6,3,3,2,3,1,3,No,Moderate (6-15km),Experienced (41+),High (15-18%),High,None,Medium
33,Male,Single,1,No,Travel_Rarely,Research & Development,Research Scientist,1,4,Other,2799,11,0,6,3,3,2,0,2,1,3,1,2,3,2,3,Yes,Close (0-5km),Mid Career (29-40),Standard (11-14%),Low,None,Low
58,Female,Divorced,5,No,Travel_Rarely,Research & Development,Healthcare Representative,3,3,Technical Degree,10552,13,1,24,2,6,0,0,4,3,3,2,2,3,4,3,Yes,Close (0-5km),Experienced (41+),Standard (11-14%),Medium,Low,High
31,Male,Married,7,No,Travel_Rarely,Sales,Sales Representative,1,4,Life Sciences,2329,15,0,13,3,7,7,5,2,2,2,3,2,3,2,4,No,Moderate (6-15km),Mid Career (29-40),High (15-18%),High,None,Low
35,Female,Married,21,No,Travel_Rarely,Research & Development,Healthcare Representative,2,1,Life Sciences,4014,25,1,10,1,10,6,0,7,2,4,4,3,4,4,1,Yes,Far (16+ km),Mid Career (29-40),Top Tier (19-25%),Very High,Low,Medium
49,Female,Married,8,No,Travel_Rarely,Research & Development,Laboratory Technician,3,2,Other,7403,11,1,29,4,26,9,1,7,3,1,2,3,3,3,2,No,Moderate (6-15km),Experienced (41+),Standard (11-14%),Medium,Low,High
48,Male,Married,20,No,Travel_Rarely,Research & Development,Research Scientist,1,4,Medical,2259,17,2,13,4,0,0,0,0,2,4,3,3,3,1,2,No,Far (16+ km),Experienced (41+),High (15-18%),High,Medium,Low
31,Female,Married,20,No,Non-Travel,Sales,Sales Executive,2,2,Marketing,6932,13,1,9,1,9,8,0,0,2,4,3,3,3,4,2,No,Far (16+ km),Mid Career (29-40),Standard (11-14%),High,Low,High
36,Male,Single,7,No,Travel_Rarely,Research & Development,Research Scientist,1,4,Other,4678,18,0,8,2,6,2,0,1,6,2,4,3,3,3,3,No,Moderate (6-15km),Mid Career (29-40),High (15-18%),Very High,None,Medium
38,Female,Married,1,No,Travel_Rarely,Research & Development,Research Director,3,3,Technical Degree,13582,13,1,15,1,15,12,5,11,3,4,1,3,3,2,3,No,Close (0-5km),Mid Career (29-40),Standard (11-14%),Low,Low,High
32,Female,Married,1,No,Non-Travel,Research & Development,Laboratory Technician,1,3,Life Sciences,2332,20,0,5,6,3,0,0,2,3,3,2,2,4,3,3,No,Close (0-5km),Mid Career (29-40),Top Tier (19-25%),Medium,None,Low
25,Male,Married,19,Yes,Travel_Rarely,Sales,Sales Representative,1,2,Marketing,2413,18,3,1,1,1,0,0,0,2,3,2,2,3,3,3,Yes,Far (16+ km),Early Career (18-28),High (15-18%),Medium,High,Low
40,Male,Divorced,10,No,Travel_Rarely,Sales,Sales Executive,3,4,Marketing,9705,12,1,11,2,1,0,0,0,2,1,2,2,3,2,2,No,Moderate (6-15km),Mid Career (29-40),Standard (11-14%),Medium,Low,High
26,Male,Single,1,No,Travel_Frequently,Sales,Sales Executive,2,3,Medical,4294,12,0,7,1,7,7,0,7,2,3,1,2,3,2,3,No,Close (0-5km),Early Career (18-28),Standard (11-14%),Low,None,Medium
41,Male,Single,6,No,Travel_Rarely,Research & Development,Laboratory Technician,1,3,Medical,4721,13,0,20,2,18,13,2,17,3,4,1,3,3,3,3,Yes,Moderate (6-15km),Experienced (41+),Standard (11-14%),Low,None,Medium
36,Male,Single,2,No,Travel_Rarely,Research & Development,Laboratory Technician,1,4,Medical,2519,21,0,16,4,11,8,3,9,6,3,3,3,4,3,3,No,Close (0-5km),Mid Career (29-40),Top Tier (19-25%),High,None,Low
19,Male,Single,21,Yes,Travel_Rarely,Sales,Sales Representative,1,3,Other,2121,13,0,1,1,1,0,0,0,3,4,2,2,3,2,4,Yes,Far (16+ km),Early Career (18-28),Standard (11-14%),Medium,None,Low
20,Male,Single,4,Yes,Travel_Rarely,Research & Development,Laboratory Technician,1,3,Technical Degree,2973,19,0,1,1,1,0,0,0,2,1,1,3,3,2,3,No,Close (0-5km),Early Career (18-28),Top Tier (19-25%),Low,None,Low
31,Female,Married,12,No,Travel_Rarely,Research & Development,Healthcare Representative,2,3,Medical,5855,11,2,10,0,9,7,8,5,2,4,4,3,3,3,1,Yes,Moderate (6-15km),Mid Career (29-40),Standard (11-14%),Very High,Medium,Medium
40,Male,Divorced,9,No,Travel_Frequently,Research & Development,Research Scientist,1,4,Medical,3617,14,1,3,8,1,1,0,0,2,4,2,3,3,4,3,Yes,Moderate (6-15km),Mid Career (29-40),Standard (11-14%),Medium,Low,Low
32,Female,Married,3,No,Travel_Rarely,Research & Development,Manufacturing Director,2,4,Medical,6725,12,1,8,1,8,7,6,3,2,3,1,3,3,3,4,No,Close (0-5km),Mid Career (29-40),Standard (11-14%),Low,Low,High
36,Male,Married,3,Yes,Travel_Rarely,Sales,Sales Executive,3,1,Life Sciences,10325,11,1,16,1,16,7,3,7,6,3,4,2,3,1,3,Yes,Close (0-5km),Mid Career (29-40),Standard (11-14%),Very High,Low,High
33,Female,Single,1,No,Travel_Rarely,Research & Development,Healthcare Representative,2,3,Life Sciences,6949,14,0,6,0,5,0,1,4,3,2,4,2,3,1,3,No,Close (0-5km),Mid Career (29-40),Standard (11-14%),Very High,None,High
37,Male,Married,1,Yes,Travel_Rarely,Sales,Sales Executive,3,4,Life Sciences,10609,11,0,17,5,14,1,11,7,2,1,3,2,3,3,1,No,Close (0-5km),Mid Career (29-40),Standard (11-14%),High,None,High
45,Male,Married,4,No,Non-Travel,Research & Development,Laboratory Technician,2,2,Life Sciences,4447,12,0,9,1,9,7,0,8,5,3,2,3,3,2,2,No,Close (0-5km),Experienced (41+),Standard (11-14%),Medium,None,Medium
29,Female,Married,20,No,Travel_Frequently,Sales,Sales Representative,1,3,Technical Degree,2157,15,1,3,1,3,1,0,2,5,3,4,3,3,2,3,No,Far (16+ km),Mid Career (29-40),High (15-18%),Very High,Low,Low
35,Female,Married,18,No,Travel_Rarely,Sales,Sales Executive,2,3,Medical,4601,16,0,5,1,5,2,1,0,3,3,3,3,3,2,3,No,Far (16+ km),Mid Career (29-40),High (15-18%),High,None,Medium
52,Male,Married,1,No,Travel_Rarely,Research & Development,Manager,4,2,Life Sciences,17099,15,1,26,2,9,8,7,8,2,4,4,3,3,2,2,No,Close (0-5km),Experienced (41+),High (15-18%),Very High,Low,High
58,Male,Single,2,Yes,Travel_Rarely,Research & Development,Research Scientist,1,3,Technical Degree,2479,24,0,7,4,1,0,0,0,4,4,3,3,4,1,3,No,Close (0-5km),Experienced (41+),Top Tier (19-25%),High,None,Low
53,Male,Divorced,2,No,Travel_Rarely,Sales,Manager,4,2,Medical,14852,13,1,22,6,17,13,15,2,3,3,3,3,3,3,4,No,Close (0-5km),Experienced (41+),Standard (11-14%),High,Low,High
30,Male,Divorced,8,No,Travel_Rarely,Sales,Sales Executive,3,2,Other,7264,11,1,10,5,8,4,7,7,2,3,3,3,3,1,4,No,Moderate (6-15km),Mid Career (29-40),Standard (11-14%),High,Low,High
38,Female,Single,10,No,Non-Travel,Sales,Sales Executive,2,3,Technical Degree,5666,13,0,6,1,5,3,1,3,1,3,4,3,3,2,3,Yes,Moderate (6-15km),Mid Career (29-40),Standard (11-14%),Very High,None,Medium
35,Male,Divorced,3,No,Travel_Rarely,Sales,Sales Executive,3,4,Life Sciences,7823,13,1,12,6,10,9,0,8,2,4,4,3,3,2,3,No,Close (0-5km),Mid Career (29-40),Standard (11-14%),Very High,Low,High
39,Male,Single,2,No,Travel_Rarely,Sales,Sales Executive,3,5,Life Sciences,7880,18,0,9,0,8,7,0,7,3,1,3,4,3,4,3,No,Close (0-5km),Mid Career (29-40),High (15-18%),High,None,High
40,Female,Single,24,Yes,Non-Travel,Sales,Sales Executive,4,3,Life Sciences,13194,16,0,22,4,1,0,0,0,2,2,2,4,3,4,2,Yes,Far (16+ km),Mid Career (29-40),High (15-18%),Medium,None,High
47,Male,Divorced,16,No,Travel_Frequently,Research & Development,Manufacturing Director,2,4,Medical,5067,19,0,20,1,19,10,2,7,3,3,3,4,3,3,4,Yes,Far (16+ km),Experienced (41+),Top Tier (19-25%),High,None,Medium
36,Male,Divorced,8,No,Non-Travel,Sales,Sales Executive,2,4,Technical Degree,5079,13,2,12,4,7,7,0,7,3,1,4,3,3,4,3,No,Moderate (6-15km),Mid Career (29-40),Standard (11-14%),Very High,Medium,Medium
31,Male,Single,9,Yes,Non-Travel,Research & Development,Research Scientist,1,2,Medical,2321,22,0,4,0,3,2,1,2,0,3,1,2,4,1,3,Yes,Moderate (6-15km),Mid Career (29-40),Top Tier (19-25%),Low,None,Low
33,Male,Single,17,No,Non-Travel,Sales,Manager,4,3,Life Sciences,17444,11,0,10,1,10,8,6,0,2,4,3,3,3,4,3,No,Far (16+ km),Mid Career (29-40),Standard (11-14%),High,None,High
29,Female,Single,10,Yes,Travel_Rarely,Research & Development,Research Scientist,1,3,Life Sciences,2404,20,0,3,6,0,0,0,0,5,4,1,2,4,3,3,Yes,Moderate (6-15km),Mid Career (29-40),Top Tier (19-25%),Low,None,Low
33,Female,Single,13,No,Travel_Rarely,Research & Development,Research Scientist,1,1,Life Sciences,3452,18,0,5,3,3,2,0,2,4,2,4,3,3,1,3,No,Moderate (6-15km),Mid Career (29-40),High (15-18%),Very High,None,Low
45,Female,Divorced,1,No,Travel_Rarely,Research & Development,Laboratory Technician,1,4,Medical,2270,14,2,8,3,5,3,0,2,2,4,4,3,3,4,3,No,Close (0-5km),Experienced (41+),Standard (11-14%),Very High,Medium,Low
50,Male,Divorced,1,No,Travel_Rarely,Research & Development,Research Director,4,2,Medical,17399,22,1,32,9,5,4,1,3,1,4,4,3,4,3,2,No,Close (0-5km),Experienced (41+),Top Tier (19-25%),Very High,Low,High
33,Female,Married,1,No,Travel_Frequently,Research & Development,Healthcare Representative,2,4,Other,5488,13,1,6,1,6,5,1,2,2,3,2,4,3,1,3,Yes,Close (0-5km),Mid Career (29-40),Standard (11-14%),Medium,Low,Medium
41,Male,Divorced,9,No,Travel_Frequently,Research & Development,Research Director,5,3,Medical,19419,17,1,21,2,18,16,0,11,2,1,3,3,3,2,4,No,Moderate (6-15km),Experienced (41+),High (15-18%),High,Low,High
27,Female,Married,16,No,Travel_Rarely,Research & Development,Laboratory Technician,1,4,Technical Degree,2811,14,1,4,9,2,2,2,2,2,3,2,3,3,2,3,No,Far (16+ km),Early Career (18-28),Standard (11-14%),Medium,Low,Low
45,Male,Married,23,No,Non-Travel,Research & Development,Laboratory Technician,2,2,Life Sciences,3633,15,1,9,1,9,8,0,8,2,4,1,3,3,3,3,Yes,Far (16+ km),Experienced (41+),High (15-18%),Low,Low,Medium
47,Female,Single,4,No,Travel_Rarely,Sales,Sales Executive,2,2,Life Sciences,4163,17,0,9,1,9,0,0,7,0,4,4,3,3,3,3,Yes,Close (0-5km),Experienced (41+),High (15-18%),Very High,None,Medium
30,Female,Married,22,Yes,Travel_Rarely,Research & Development,Research Scientist,1,3,Life Sciences,2132,11,0,7,4,5,2,0,1,2,1,3,3,3,2,3,Yes,Far (16+ km),Mid Career (29-40),Standard (11-14%),High,None,Low
50,Male,Married,24,No,Travel_Rarely,Research & Development,Manufacturing Director,4,3,Life Sciences,13973,18,1,22,3,12,11,1,5,2,4,3,3,3,4,3,Yes,Far (16+ km),Experienced (41+),High (15-18%),High,Low,High
38,Male,Married,10,No,Travel_Frequently,Research & Development,Research Scientist,1,1,Medical,2684,17,1,3,0,2,1,0,2,0,3,3,3,3,2,2,No,Moderate (6-15km),Mid Career (29-40),High (15-18%),High,Low,Low
46,Male,Divorced,7,No,Travel_Rarely,Research & Development,Manufacturing Director,3,2,Medical,10845,13,1,13,6,8,7,0,7,3,4,3,3,3,2,3,No,Moderate (6-15km),Experienced (41+),Standard (11-14%),High,Low,High
24,Female,Divorced,17,No,Travel_Rarely,Research & Development,Manufacturing Director,2,1,Medical,4377,15,2,5,1,4,2,3,2,6,4,3,2,3,2,3,No,Far (16+ km),Early Career (18-28),High (15-18%),High,Medium,Medium
35,Male,Divorced,14,Yes,Travel_Rarely,Research & Development,Laboratory Technician,1,4,Other,3743,24,1,5,1,4,2,0,2,2,3,2,2,4,4,1,Yes,Moderate (6-15km),Mid Career (29-40),Top Tier (19-25%),Medium,Low,Medium
31,Female,Married,1,No,Travel_Frequently,Research & Development,Manufacturing Director,2,1,Life Sciences,4148,12,1,4,1,4,3,0,3,1,3,1,3,3,3,3,No,Close (0-5km),Mid Career (29-40),Standard (11-14%),Low,Low,Medium
18,Male,Single,5,No,Non-Travel,Research & Development,Research Scientist,1,2,Life Sciences,1051,15,0,0,1,0,0,0,0,2,2,4,3,3,4,3,No,Close (0-5km),Early Career (18-28),High (15-18%),Very High,None,Low
54,Female,Married,17,No,Travel_Rarely,Research & Development,Manufacturing Director,3,3,Technical Degree,10739,11,1,22,8,10,7,0,8,2,3,3,3,3,3,3,No,Far (16+ km),Experienced (41+),Standard (11-14%),High,Low,High
35,Female,Divorced,25,No,Travel_Rarely,Research & Development,Healthcare Representative,3,4,Medical,10388,11,1,16,1,16,10,10,1,3,3,3,3,3,3,2,Yes,Far (16+ km),Mid Career (29-40),Standard (11-14%),High,Low,High
30,Female,Married,8,No,Travel_Rarely,Research & Development,Research Director,3,2,Life Sciences,11416,12,3,9,0,8,7,1,7,4,2,1,4,3,3,2,Yes,Moderate (6-15km),Mid Career (29-40),Standard (11-14%),Low,High,High
20,Female,Single,11,Yes,Travel_Rarely,Research & Development,Research Scientist,1,3,Medical,2600,15,0,1,1,1,0,0,0,2,4,1,2,3,1,3,Yes,Moderate (6-15km),Early Career (18-28),High (15-18%),Low,None,Low
30,Female,Single,5,Yes,Travel_Frequently,Research & Development,Laboratory Technician,1,3,Medical,2422,17,0,4,0,3,2,1,2,3,2,2,3,3,1,3,No,Close (0-5km),Mid Career (29-40),High (15-18%),Medium,None,Low
26,Male,Married,2,No,Travel_Rarely,Research & Development,Manufacturing Director,2,2,Medical,5472,12,0,8,1,8,7,1,3,2,4,4,4,3,2,3,No,Close (0-5km),Early Career (18-28),Standard (11-14%),Very High,None,Medium
22,Male,Married,8,No,Travel_Rarely,Research & Development,Laboratory Technician,1,1,Life Sciences,2451,15,1,4,1,4,3,1,1,3,2,1,1,3,1,2,No,Moderate (6-15km),Early Career (18-28),High (15-18%),Low,Low,Low
48,Male,Single,6,No,Travel_Rarely,Research & Development,Healthcare Representative,2,3,Life Sciences,4240,13,0,19,2,2,2,2,2,0,1,3,2,3,4,3,No,Moderate (6-15km),Experienced (41+),Standard (11-14%),High,None,Medium
48,Male,Single,4,No,Travel_Rarely,Research & Development,Healthcare Representative,3,4,Life Sciences,10999,14,0,27,7,15,11,4,8,3,3,3,2,3,2,3,No,Close (0-5km),Experienced (41+),Standard (11-14%),High,None,High
41,Female,Single,7,No,Travel_Rarely,Research & Development,Manufacturing Director,2,2,Medical,5003,14,0,8,6,2,2,2,1,6,4,3,3,3,2,3,No,Moderate (6-15km),Experienced (41+),Standard (11-14%),High,None,Medium
39,Female,Married,1,No,Travel_Rarely,Research & Development,Manufacturing Director,4,1,Life Sciences,12742,16,1,21,1,21,6,11,8,3,4,4,2,3,3,3,No,Close (0-5km),Mid Career (29-40),High (15-18%),Very High,Low,High
27,Female,Married,2,No,Travel_Rarely,Research & Development,Manufacturing Director,2,4,Life Sciences,4227,18,1,4,0,3,2,2,2,2,1,4,3,3,2,3,No,Close (0-5km),Early Career (18-28),High (15-18%),Very High,Low,Medium
35,Male,Divorced,10,No,Travel_Rarely,Research & Development,Laboratory Technician,1,3,Other,3917,20,1,3,1,3,2,1,2,4,2,4,3,4,1,2,No,Moderate (6-15km),Mid Career (29-40),Top Tier (19-25%),Very High,Low,Medium
42,Male,Married,5,No,Travel_Rarely,Sales,Manager,5,2,Marketing,18303,13,0,21,6,1,0,0,0,3,4,3,3,3,2,4,No,Close (0-5km),Experienced (41+),Standard (11-14%),High,None,High
50,Male,Married,9,No,Travel_Rarely,Research & Development,Laboratory Technician,1,3,Life Sciences,2380,18,0,8,4,1,0,0,0,5,1,4,3,3,2,3,No,Moderate (6-15km),Experienced (41+),High (15-18%),Very High,None,Low
59,Female,Single,2,No,Travel_Rarely,Research & Development,Manufacturing Director,4,3,Life Sciences,13726,13,0,30,3,5,3,4,3,4,3,4,2,3,1,3,Yes,Close (0-5km),Experienced (41+),Standard (11-14%),Very High,None,High
37,Female,Married,11,Yes,Travel_Rarely,Research & Development,Healthcare Representative,2,2,Medical,4777,15,0,15,5,1,0,0,0,2,1,2,1,3,1,1,No,Moderate (6-15km),Mid Career (29-40),High (15-18%),Medium,None,Medium
55,Male,Married,18,No,Travel_Frequently,Research & Development,Healthcare Representative,2,4,Medical,6385,14,2,17,3,8,7,6,7,3,3,2,3,3,4,3,Yes,Far (16+ km),Experienced (41+),Standard (11-14%),Medium,Medium,Medium
41,Female,Divorced,7,No,Non-Travel,Research & Development,Research Director,5,1,Life Sciences,19973,22,2,21,1,21,16,5,10,3,2,3,1,4,2,3,No,Moderate (6-15km),Experienced (41+),Top Tier (19-25%),High,Medium,High
38,Male,Single,3,No,Travel_Rarely,Sales,Sales Executive,2,4,Life Sciences,6861,12,0,19,8,1,0,0,0,1,2,4,3,3,3,3,Yes,Close (0-5km),Mid Career (29-40),Standard (11-14%),Very High,None,High
26,Male,Single,29,Yes,Non-Travel,Sales,Sales Executive,2,2,Medical,4969,18,0,7,8,2,2,2,2,6,2,1,1,3,4,3,No,Far (16+ km),Early Career (18-28),High (15-18%),Low,None,Medium
52,Female,Married,2,Yes,Travel_Rarely,Sales,Manager,5,1,Marketing,19845,15,1,33,1,32,14,6,9,3,1,4,1,3,4,3,No,Close (0-5km),Experienced (41+),High (15-18%),Very High,Low,High
44,Female,Married,28,No,Travel_Rarely,Sales,Sales Executive,4,3,Medical,13320,18,1,23,3,12,11,11,11,2,4,4,4,3,3,3,Yes,Far (16+ km),Experienced (41+),High (15-18%),Very High,Low,High
50,Female,Married,1,No,Non-Travel,Sales,Sales Executive,2,3,Life Sciences,6347,12,1,19,0,18,7,0,13,3,4,3,3,3,1,3,No,Close (0-5km),Experienced (41+),Standard (11-14%),High,Low,Medium
36,Female,Single,16,Yes,Travel_Rarely,Research & Development,Laboratory Technician,1,4,Life Sciences,2743,16,0,18,1,17,13,15,14,1,3,1,4,3,3,3,No,Far (16+ km),Mid Career (29-40),High (15-18%),Low,None,Low
39,Female,Single,22,No,Travel_Frequently,Research & Development,Manufacturing Director,3,3,Medical,10880,13,0,21,1,21,6,2,8,2,4,1,3,3,3,3,Yes,Far (16+ km),Mid Career (29-40),Standard (11-14%),Low,None,High
33,Female,Single,8,No,Non-Travel,Sales,Sales Representative,1,1,Life Sciences,2342,19,0,3,0,2,2,2,2,2,2,4,2,3,4,2,No,Moderate (6-15km),Mid Career (29-40),Top Tier (19-25%),Very High,None,Low
45,Female,Married,11,No,Travel_Rarely,Sales,Manager,4,2,Life Sciences,17650,13,1,26,3,9,3,1,1,4,4,4,3,3,2,4,No,Moderate (6-15km),Experienced (41+),Standard (11-14%),Very High,Low,High
32,Female,Single,29,No,Non-Travel,Research & Development,Laboratory Technician,1,4,Medical,4025,12,0,10,9,8,7,7,7,2,4,3,3,3,2,3,No,Far (16+ km),Mid Career (29-40),Standard (11-14%),High,None,Medium
34,Male,Divorced,1,No,Travel_Rarely,Sales,Sales Executive,2,4,Marketing,9725,11,1,16,0,15,1,0,9,2,2,4,4,3,4,2,No,Close (0-5km),Mid Career (29-40),Standard (11-14%),Very High,Low,High
59,Male,Married,1,No,Travel_Rarely,Sales,Manager,3,2,Technical Degree,11904,14,1,14,3,6,4,0,4,1,2,4,3,3,3,1,Yes,Close (0-5km),Experienced (41+),Standard (11-14%),Very High,Low,High
45,Male,Single,24,No,Travel_Rarely,Human Resources,Human Resources,1,4,Medical,2177,16,0,6,1,6,3,0,4,3,2,2,3,3,1,3,No,Far (16+ km),Experienced (41+),High (15-18%),Medium,None,Low
53,Female,Married,2,No,Travel_Frequently,Sales,Sales Executive,3,3,Marketing,7525,12,1,30,2,15,7,6,12,2,3,2,2,3,1,3,No,Close (0-5km),Experienced (41+),Standard (11-14%),Medium,Low,High
36,Male,Divorced,15,Yes,Travel_Rarely,Research & Development,Laboratory Technician,2,3,Other,4834,14,1,9,7,1,0,0,0,3,1,3,3,3,2,2,No,Moderate (6-15km),Mid Career (29-40),Standard (11-14%),High,Low,Medium
26,Male,Married,2,Yes,Travel_Frequently,Research & Development,Research Scientist,1,3,Life Sciences,2042,14,1,6,6,3,2,1,2,2,1,1,3,3,2,3,Yes,Close (0-5km),Early Career (18-28),Standard (11-14%),Low,Low,Low
34,Female,Married,10,No,Travel_Rarely,Sales,Sales Representative,1,4,Life Sciences,2220,19,1,1,1,1,1,0,0,2,3,3,3,3,4,3,Yes,Moderate (6-15km),Mid Career (29-40),Top Tier (19-25%),High,Low,Low
28,Male,Married,10,No,Travel_Rarely,Sales,Sales Representative,1,1,Medical,1052,22,0,1,1,1,0,0,0,5,4,2,3,4,2,3,No,Moderate (6-15km),Early Career (18-28),Top Tier (19-25%),Medium,None,Low
38,Male,Married,3,No,Travel_Frequently,Research & Development,Research Scientist,1,4,Other,2821,16,1,8,3,2,2,2,2,2,3,3,3,3,1,3,No,Close (0-5km),Mid Career (29-40),High (15-18%),High,Low,Low
50,Male,Married,2,No,Travel_Rarely,Research & Development,Research Director,5,4,Medical,19237,11,1,29,2,8,1,7,7,2,2,3,3,3,4,2,Yes,Close (0-5km),Experienced (41+),Standard (11-14%),High,Low,High
37,Female,Single,3,No,Travel_Rarely,Research & Development,Healthcare Representative,2,3,Other,4107,15,0,8,3,4,3,0,1,3,4,2,3,3,1,2,No,Close (0-5km),Mid Career (29-40),High (15-18%),Medium,None,Medium
40,Male,Married,26,No,Travel_Rarely,Sales,Sales Executive,2,3,Marketing,8396,14,1,8,1,7,7,7,5,3,3,1,3,3,2,2,No,Far (16+ km),Mid Career (29-40),Standard (11-14%),Low,Low,High
26,Female,Divorced,1,No,Travel_Frequently,Research & Development,Research Scientist,1,1,Medical,2007,13,2,5,1,5,3,1,3,5,1,3,2,3,3,3,No,Close (0-5km),Early Career (18-28),Standard (11-14%),High,Medium,Low
46,Male,Divorced,1,No,Travel_Rarely,Research & Development,Research Director,5,4,Medical,19627,17,2,23,9,2,2,2,2,0,4,4,3,3,4,3,No,Close (0-5km),Experienced (41+),High (15-18%),Very High,Medium,High
54,Female,Married,2,No,Travel_Rarely,Sales,Sales Executive,3,4,Life Sciences,10686,11,1,13,6,9,4,7,0,4,3,3,2,3,2,3,No,Close (0-5km),Experienced (41+),Standard (11-14%),High,Low,High
56,Female,Married,9,No,Travel_Frequently,Research & Development,Research Scientist,1,3,Medical,2942,19,1,18,2,5,4,0,3,4,1,3,3,3,2,3,No,Moderate (6-15km),Experienced (41+),Top Tier (19-25%),High,Low,Low
36,Female,Single,12,No,Travel_Rarely,Research & Development,Manufacturing Director,3,5,Medical,8858,11,0,15,0,14,8,7,8,2,4,4,2,3,2,2,No,Moderate (6-15km),Mid Career (29-40),Standard (11-14%),Very High,None,High
55,Male,Single,2,No,Non-Travel,Research & Development,Manager,4,1,Medical,16756,15,0,31,7,9,7,6,2,3,3,1,2,3,2,4,No,Close (0-5km),Experienced (41+),High (15-18%),Low,None,High
43,Male,Divorced,25,No,Travel_Rarely,Sales,Sales Executive,3,3,Medical,10798,13,1,18,5,1,0,0,0,5,3,4,2,3,3,3,No,Far (16+ km),Experienced (41+),Standard (11-14%),Very High,Low,High
20,Female,Single,9,Yes,Travel_Frequently,Sales,Sales Representative,1,3,Marketing,2323,14,0,2,1,2,2,0,2,3,4,4,3,3,2,3,Yes,Moderate (6-15km),Early Career (18-28),Standard (11-14%),Very High,None,Low
21,Female,Single,10,Yes,Travel_Rarely,Research & Development,Laboratory Technician,1,3,Life Sciences,1416,13,0,1,1,1,0,1,0,6,3,1,2,3,1,2,No,Moderate (6-15km),Early Career (18-28),Standard (11-14%),Low,None,Low
46,Female,Divorced,8,No,Travel_Rarely,Research & Development,Research Scientist,2,4,Life Sciences,4615,23,3,19,8,16,13,1,7,2,4,1,2,4,1,3,Yes,Moderate (6-15km),Experienced (41+),Top Tier (19-25%),Low,High,Medium
51,Male,Married,4,Yes,Travel_Rarely,Research & Development,Research Scientist,1,4,Life Sciences,2461,12,3,18,9,10,0,2,7,2,1,3,3,3,3,4,Yes,Close (0-5km),Experienced (41+),Standard (11-14%),High,High,Low
28,Male,Single,24,Yes,Non-Travel,Research & Development,Healthcare Representative,3,2,Technical Degree,8722,12,0,10,1,10,7,1,9,2,2,1,2,3,1,2,No,Far (16+ km),Early Career (18-28),Standard (11-14%),Low,None,High
26,Male,Married,1,No,Travel_Rarely,Research & Development,Laboratory Technician,1,2,Medical,3955,16,2,6,1,5,3,1,3,2,1,1,2,3,1,3,No,Close (0-5km),Early Career (18-28),High (15-18%),Low,Medium,Medium
30,Male,Married,20,No,Travel_Rarely,Research & Development,Manufacturing Director,2,3,Other,9957,15,1,7,0,6,2,0,2,1,3,1,3,3,3,2,No,Far (16+ km),Mid Career (29-40),High (15-18%),Low,Low,High
41,Female,Married,7,No,Travel_Rarely,Research & Development,Research Scientist,1,2,Technical Degree,3376,13,0,10,1,10,6,0,8,3,2,3,4,3,3,3,No,Moderate (6-15km),Experienced (41+),Standard (11-14%),High,None,Low
38,Female,Married,17,No,Travel_Rarely,Research & Development,Healthcare Representative,3,1,Life Sciences,8823,18,1,20,0,19,9,1,9,4,3,3,2,3,1,2,No,Far (16+ km),Mid Career (29-40),High (15-18%),High,Low,High
40,Male,Married,20,No,Travel_Rarely,Research & Development,Healthcare Representative,3,4,Technical Degree,10322,20,1,14,4,11,10,11,1,6,1,4,3,4,4,3,No,Far (16+ km),Mid Career (29-40),Top Tier (19-25%),Very High,Low,High
27,Male,Married,8,No,Non-Travel,Research & Development,Laboratory Technician,1,5,Life Sciences,4621,19,3,3,1,3,2,1,2,4,1,3,1,3,4,3,No,Moderate (6-15km),Early Career (18-28),Top Tier (19-25%),High,High,Medium
55,Male,Married,2,No,Travel_Frequently,Research & Development,Manufacturing Director,3,1,Life Sciences,10976,18,1,23,3,3,2,1,2,4,4,2,3,3,2,3,No,Close (0-5km),Experienced (41+),High (15-18%),Medium,Low,High
28,Female,Single,10,No,Travel_Rarely,Research & Development,Research Scientist,2,3,Other,3660,13,0,10,3,8,7,1,7,4,3,3,3,3,4,4,No,Moderate (6-15km),Early Career (18-28),Standard (11-14%),High,None,Medium
44,Male,Married,1,Yes,Travel_Rarely,Human Resources,Human Resources,3,2,Medical,10482,14,1,24,9,20,6,3,6,1,2,1,2,3,4,3,No,Close (0-5km),Experienced (41+),Standard (11-14%),Low,Low,High
33,Male,Divorced,5,No,Travel_Rarely,Research & Development,Healthcare Representative,3,3,Life Sciences,7119,15,1,9,4,3,2,1,2,2,4,4,2,3,3,3,No,Close (0-5km),Mid Career (29-40),High (15-18%),Very High,Low,High
35,Male,Single,4,Yes,Travel_Rarely,Sales,Sales Executive,3,3,Technical Degree,9582,22,0,9,0,8,7,4,7,2,4,1,3,4,1,3,Yes,Close (0-5km),Mid Career (29-40),Top Tier (19-25%),Low,None,High
33,Female,Single,29,Yes,Travel_Frequently,Research & Development,Research Scientist,2,4,Medical,4508,22,0,14,1,13,7,3,8,4,1,3,2,4,2,3,No,Far (16+ km),Mid Career (29-40),Top Tier (19-25%),High,None,Medium
28,Male,Divorced,15,No,Travel_Rarely,Research & Development,Laboratory Technician,1,2,Life Sciences,2207,16,1,4,1,4,2,2,2,5,1,3,3,3,4,2,No,Moderate (6-15km),Early Career (18-28),High (15-18%),High,Low,Low
34,Male,Single,3,No,Travel_Frequently,Research & Development,Healthcare Representative,2,1,Life Sciences,7756,17,0,7,0,6,2,0,4,1,1,4,3,3,3,2,No,Close (0-5km),Mid Career (29-40),High (15-18%),Very High,None,High
37,Female,Divorced,10,No,Travel_Rarely,Sales,Sales Executive,2,4,Life Sciences,6694,14,3,8,2,1,0,0,0,5,4,4,2,3,3,3,Yes,Moderate (6-15km),Mid Career (29-40),Standard (11-14%),Very High,High,High
25,Male,Married,4,Yes,Travel_Rarely,Research & Development,Laboratory Technician,1,1,Technical Degree,3691,15,1,7,1,7,7,5,6,3,4,4,3,3,2,4,Yes,Close (0-5km),Early Career (18-28),High (15-18%),Very High,Low,Medium
26,Male,Divorced,21,Yes,Travel_Rarely,Research & Development,Laboratory Technician,1,3,Medical,2377,20,1,1,1,1,1,0,0,0,1,3,3,4,3,2,No,Far (16+ km),Early Career (18-28),Top Tier (19-25%),High,Low,Low
33,Male,Single,25,Yes,Travel_Rarely,Research & Development,Research Scientist,1,3,Medical,2313,20,0,5,4,2,2,2,2,0,1,2,2,4,2,3,Yes,Far (16+ km),Mid Career (29-40),Top Tier (19-25%),Medium,None,Low
42,Male,Married,2,No,Travel_Rarely,Research & Development,Manager,4,2,Medical,17665,17,1,23,0,22,6,13,7,3,4,1,3,3,4,3,No,Close (0-5km),Experienced (41+),High (15-18%),Low,Low,High
28,Male,Divorced,1,Yes,Travel_Frequently,Research & Development,Laboratory Technician,1,3,Medical,2596,15,2,1,1,1,0,0,0,2,1,2,2,3,1,3,No,Close (0-5km),Early Career (18-28),High (15-18%),Medium,Medium,Low
50,Male,Single,1,Yes,Travel_Frequently,Sales,Sales Executive,2,4,Other,4728,14,0,5,3,0,0,0,0,4,4,3,3,3,4,3,Yes,Close (0-5km),Experienced (41+),Standard (11-14%),High,None,Medium
33,Female,Married,7,No,Travel_Frequently,Sales,Sales Executive,2,3,Life Sciences,4302,17,1,4,0,3,2,0,2,3,4,2,3,3,3,3,No,Moderate (6-15km),Mid Career (29-40),High (15-18%),Medium,Low,Medium
34,Male,Married,3,No,Non-Travel,Research & Development,Research Scientist,1,4,Life Sciences,2979,17,3,6,3,0,0,0,0,2,3,4,2,3,4,3,No,Close (0-5km),Mid Career (29-40),High (15-18%),Very High,High,Low
48,Male,Single,1,No,Non-Travel,Research & Development,Manager,4,4,Medical,16885,22,0,27,2,5,4,2,1,3,1,4,4,4,3,2,No,Close (0-5km),Experienced (41+),Top Tier (19-25%),Very High,None,High
45,Female,Married,9,No,Non-Travel,Sales,Sales Executive,2,4,Life Sciences,5593,13,1,15,1,15,10,4,12,2,2,3,2,3,4,3,No,Moderate (6-15km),Experienced (41+),Standard (11-14%),High,Low,Medium
52,Male,Single,7,No,Travel_Rarely,Research & Development,Healthcare Representative,3,4,Life Sciences,10445,19,0,18,7,8,6,4,0,4,2,2,3,3,4,3,No,Moderate (6-15km),Experienced (41+),Top Tier (19-25%),Medium,None,High
38,Male,Divorced,10,No,Travel_Rarely,Sales,Sales Executive,3,4,Marketing,8740,14,2,9,0,8,7,2,7,2,3,3,2,3,2,3,Yes,Moderate (6-15km),Mid Career (29-40),Standard (11-14%),High,Medium,High
29,Female,Divorced,28,No,Travel_Rarely,Research & Development,Research Scientist,1,4,Life Sciences,2514,22,1,11,4,7,5,1,7,1,3,4,3,4,1,3,No,Far (16+ km),Mid Career (29-40),Top Tier (19-25%),Very High,Low,Low
28,Female,Divorced,3,No,Travel_Rarely,Research & Development,Manufacturing Director,3,3,Medical,7655,17,3,10,0,9,7,1,7,3,4,2,3,3,2,2,No,Close (0-5km),Early Career (18-28),High (15-18%),Medium,High,High
46,Male,Married,3,No,Travel_Rarely,Sales,Manager,4,1,Marketing,17465,12,1,23,3,12,9,4,9,3,1,3,3,3,4,3,No,Close (0-5km),Experienced (41+),Standard (11-14%),High,Low,High
38,Male,Single,2,No,Travel_Rarely,Sales,Sales Executive,3,2,Marketing,7351,16,0,10,7,1,0,0,0,2,4,2,3,3,3,3,No,Close (0-5km),Mid Career (29-40),High (15-18%),Medium,None,High
43,Female,Married,27,No,Travel_Frequently,Research & Development,Manufacturing Director,3,3,Life Sciences,10820,11,1,18,8,8,7,0,1,1,3,1,3,3,3,3,No,Far (16+ km),Experienced (41+),Standard (11-14%),Low,Low,High
39,Male,Divorced,2,Yes,Travel_Frequently,Research & Development,Healthcare Representative,4,3,Life Sciences,12169,11,3,21,7,18,7,11,5,4,1,4,3,3,4,3,No,Close (0-5km),Mid Career (29-40),Standard (11-14%),Very High,High,High
40,Male,Single,14,No,Travel_Rarely,Research & Development,Research Director,5,3,Medical,19626,14,0,21,1,20,7,4,9,2,3,3,2,3,1,4,No,Moderate (6-15km),Mid Career (29-40),Standard (11-14%),High,None,High
21,Female,Single,1,No,Travel_Rarely,Research & Development,Research Scientist,1,1,Technical Degree,2070,11,0,2,1,2,2,2,2,6,4,2,2,3,3,4,Yes,Close (0-5km),Early Career (18-28),Standard (11-14%),Medium,None,Low
39,Male,Single,9,No,Non-Travel,Research & Development,Laboratory Technician,2,3,Life Sciences,6782,15,0,9,9,5,4,0,3,2,3,2,3,3,3,2,No,Moderate (6-15km),Mid Career (29-40),High (15-18%),Medium,None,High
36,Male,Single,18,No,Non-Travel,Research & Development,Manufacturing Director,2,4,Life Sciences,7779,20,0,18,2,11,9,0,9,0,1,4,3,4,1,3,No,Far (16+ km),Mid Career (29-40),Top Tier (19-25%),Very High,None,High
31,Male,Married,20,No,Travel_Frequently,Sales,Sales Representative,1,3,Life Sciences,2791,12,1,3,0,2,2,2,2,4,3,4,4,3,1,3,No,Far (16+ km),Mid Career (29-40),Standard (11-14%),Very High,Low,Low
28,Male,Married,2,No,Travel_Rarely,Research & Development,Research Scientist,1,1,Life Sciences,3201,17,0,6,0,5,3,0,4,2,1,2,2,3,1,1,No,Close (0-5km),Early Career (18-28),High (15-18%),Medium,None,Low
35,Male,Divorced,11,No,Travel_Frequently,Sales,Sales Executive,2,2,Marketing,4968,11,1,5,1,5,2,0,2,3,4,4,3,3,4,3,No,Moderate (6-15km),Mid Career (29-40),Standard (11-14%),Very High,Low,Medium
49,Male,Married,8,No,Travel_Rarely,Sales,Sales Executive,4,4,Technical Degree,13120,17,1,22,6,9,8,2,3,3,4,2,2,3,2,3,No,Moderate (6-15km),Experienced (41+),High (15-18%),Medium,Low,High
34,Male,Single,2,No,Travel_Frequently,Research & Development,Manufacturing Director,2,2,Life Sciences,4033,11,0,5,2,3,2,0,2,3,4,3,3,3,4,2,No,Close (0-5km),Mid Career (29-40),Standard (11-14%),High,None,Medium
29,Female,Divorced,10,No,Travel_Frequently,Research & Development,Research Scientist,1,3,Life Sciences,3291,14,2,8,0,7,5,1,1,2,4,2,3,3,4,2,No,Moderate (6-15km),Mid Career (29-40),Standard (11-14%),Medium,Medium,Low
42,Male,Single,29,No,Travel_Rarely,Research & Development,Laboratory Technician,2,3,Medical,4272,19,0,16,4,1,0,0,0,3,2,4,1,3,1,3,No,Far (16+ km),Experienced (41+),Top Tier (19-25%),Very High,None,Medium
29,Male,Married,8,No,Travel_Rarely,Research & Development,Manufacturing Director,2,1,Medical,5056,15,1,10,1,10,7,1,2,2,2,4,2,3,3,2,Yes,Moderate (6-15km),Mid Career (29-40),High (15-18%),Very High,Low,Medium
38,Male,Married,1,No,Travel_Rarely,Human Resources,Human Resources,1,3,Human Resources,2844,13,1,7,1,7,6,5,0,2,3,3,4,3,4,4,No,Close (0-5km),Mid Career (29-40),Standard (11-14%),High,Low,Low
28,Male,Divorced,6,No,Travel_Frequently,Research & Development,Research Scientist,1,3,Life Sciences,2703,14,1,3,1,3,1,0,2,2,3,3,2,3,4,3,Yes,Moderate (6-15km),Early Career (18-28),Standard (11-14%),High,Low,Low
18,Male,Single,8,Yes,Non-Travel,Research & Development,Laboratory Technician,1,1,Medical,1904,12,0,0,1,0,0,0,0,0,3,3,3,3,4,3,No,Moderate (6-15km),Early Career (18-28),Standard (11-14%),High,None,Low
33,Female,Single,9,Yes,Travel_Rarely,Sales,Sales Executive,2,4,Marketing,8224,17,0,6,0,5,2,0,3,3,1,1,3,3,1,3,Yes,Moderate (6-15km),Mid Career (29-40),High (15-18%),Low,None,High
41,Male,Married,12,No,Travel_Rarely,Research & Development,Laboratory Technician,1,4,Life Sciences,4766,11,1,6,3,1,0,0,0,4,2,4,3,3,1,3,Yes,Moderate (6-15km),Experienced (41+),Standard (11-14%),Very High,Low,Medium
31,Male,Married,15,Yes,Travel_Frequently,Research & Development,Laboratory Technician,1,3,Medical,2610,12,1,2,1,2,2,2,2,5,3,3,3,3,3,2,No,Moderate (6-15km),Mid Career (29-40),Standard (11-14%),High,Low,Low
37,Female,Divorced,25,No,Travel_Rarely,Research & Development,Healthcare Representative,2,2,Medical,5731,13,2,9,7,6,2,1,3,2,3,4,2,3,3,3,No,Far (16+ km),Mid Career (29-40),Standard (11-14%),Very High,Medium,Medium
27,Male,Married,6,No,Travel_Rarely,Research & Development,Research Scientist,1,3,Life Sciences,2539,13,1,4,1,4,2,2,2,0,4,3,2,3,3,3,No,Moderate (6-15km),Early Career (18-28),Standard (11-14%),High,Low,Low
34,Female,Married,9,No,Travel_Rarely,Sales,Sales Executive,2,1,Life Sciences,5714,20,0,6,1,6,5,1,3,3,2,3,3,4,1,2,No,Moderate (6-15km),Mid Career (29-40),Top Tier (19-25%),High,None,Medium
35,Male,Single,8,No,Travel_Rarely,Human Resources,Human Resources,1,4,Technical Degree,4323,17,0,6,1,5,4,1,4,2,3,3,3,3,2,1,No,Moderate (6-15km),Mid Career (29-40),High (15-18%),High,None,Medium
29,Female,Married,23,Yes,Travel_Rarely,Sales,Sales Executive,3,1,Life Sciences,7336,13,1,11,1,11,8,3,10,3,4,1,2,3,1,1,No,Far (16+ km),Mid Career (29-40),Standard (11-14%),Low,Low,High
40,Female,Single,9,No,Travel_Frequently,Research & Development,Research Director,3,4,Medical,13499,17,0,20,9,18,7,2,13,3,2,3,3,3,3,2,No,Moderate (6-15km),Mid Career (29-40),High (15-18%),High,None,High
42,Male,Single,12,Yes,Travel_Frequently,Sales,Sales Executive,4,3,Life Sciences,13758,12,0,22,0,21,9,13,14,2,3,1,3,3,2,2,Yes,Moderate (6-15km),Experienced (41+),Standard (11-14%),Low,None,High
42,Male,Single,4,No,Travel_Rarely,Sales,Sales Executive,2,4,Marketing,5155,13,0,9,7,6,4,1,5,3,2,1,3,3,4,4,No,Close (0-5km),Experienced (41+),Standard (11-14%),Low,None,Medium
35,Male,Married,1,No,Travel_Rarely,Research & Development,Laboratory Technician,1,4,Medical,2258,12,1,10,6,8,0,1,7,2,4,3,2,3,2,3,No,Close (0-5km),Mid Career (29-40),Standard (11-14%),High,Low,Low
24,Male,Single,24,No,Travel_Rarely,Research & Development,Laboratory Technician,1,3,Medical,3597,22,0,6,8,4,3,1,2,2,4,2,3,4,4,3,No,Far (16+ km),Early Career (18-28),Top Tier (19-25%),Medium,None,Low
28,Female,Married,12,Yes,Travel_Rarely,Research & Development,Laboratory Technician,1,1,Life Sciences,2515,11,0,1,1,1,1,0,0,4,3,4,3,3,4,2,Yes,Moderate (6-15km),Early Career (18-28),Standard (11-14%),Very High,None,Low
26,Male,Married,3,No,Travel_Rarely,Research & Development,Laboratory Technician,1,4,Medical,4420,22,1,8,1,8,7,0,7,2,1,4,4,4,2,3,No,Close (0-5km),Early Career (18-28),Top Tier (19-25%),Very High,Low,Medium
30,Male,Married,10,No,Travel_Rarely,Sales,Sales Executive,2,3,Marketing,6578,18,1,10,1,10,3,1,4,3,3,3,2,3,1,3,No,Moderate (6-15km),Mid Career (29-40),High (15-18%),High,Low,High
40,Female,Married,26,No,Travel_Frequently,Research & Development,Research Scientist,2,2,Medical,4422,13,1,16,3,1,1,0,0,3,3,4,2,3,4,1,Yes,Far (16+ km),Mid Career (29-40),Standard (11-14%),Very High,Low,Medium
35,Male,Divorced,2,No,Travel_Rarely,Research & Development,Manufacturing Director,3,3,Life Sciences,10274,18,1,15,2,7,7,6,4,2,3,2,2,3,2,4,No,Close (0-5km),Mid Career (29-40),High (15-18%),Medium,Low,High
34,Male,Single,1,No,Travel_Frequently,Research & Development,Healthcare Representative,2,3,Medical,5343,20,0,14,0,13,9,4,9,3,4,1,2,4,3,3,No,Close (0-5km),Mid Career (29-40),Top Tier (19-25%),Low,None,Medium
35,Male,Married,4,No,Travel_Frequently,Research & Development,Laboratory Technician,1,4,Other,2376,13,1,2,1,2,2,2,2,2,4,4,2,3,2,4,No,Close (0-5km),Mid Career (29-40),Standard (11-14%),Very High,Low,Low
43,Female,Single,9,Yes,Travel_Rarely,Sales,Sales Executive,2,3,Marketing,5346,13,0,7,8,4,3,1,3,2,1,3,1,3,2,2,No,Moderate (6-15km),Experienced (41+),Standard (11-14%),High,None,Medium
32,Female,Divorced,2,No,Non-Travel,Sales,Sales Representative,1,1,Life Sciences,2827,12,3,1,1,1,0,0,0,3,3,1,3,3,3,3,No,Close (0-5km),Mid Career (29-40),Standard (11-14%),Low,High,Low
56,Female,Divorced,4,No,Travel_Rarely,Research & Development,Manager,5,4,Technical Degree,19943,13,1,28,4,5,2,4,2,2,4,1,3,3,4,3,No,Close (0-5km),Experienced (41+),Standard (11-14%),Low,Low,High
29,Female,Married,6,No,Travel_Rarely,Research & Development,Laboratory Technician,1,1,Medical,3131,13,1,10,1,10,8,0,8,5,2,4,3,3,1,3,No,Moderate (6-15km),Mid Career (29-40),Standard (11-14%),Very High,Low,Low
19,Male,Single,9,No,Travel_Rarely,Research & Development,Research Scientist,1,2,Life Sciences,2552,25,0,1,1,1,1,0,0,4,3,1,3,4,3,3,No,Moderate (6-15km),Early Career (18-28),Top Tier (19-25%),Low,None,Low
45,Female,Married,7,No,Travel_Rarely,Research & Development,Research Scientist,1,3,Medical,4477,19,1,7,4,3,2,0,2,2,1,3,3,3,3,2,Yes,Moderate (6-15km),Experienced (41+),Top Tier (19-25%),High,Low,Medium
37,Female,Married,1,No,Travel_Rarely,Research & Development,Manufacturing Director,2,3,Life Sciences,6474,13,1,14,1,14,8,3,11,2,4,4,2,3,2,2,No,Close (0-5km),Mid Career (29-40),Standard (11-14%),Very High,Low,Medium
20,Male,Single,3,No,Travel_Rarely,Research & Development,Laboratory Technician,1,3,Life Sciences,3033,12,0,2,1,2,2,1,2,2,1,3,2,3,1,2,No,Close (0-5km),Early Career (18-28),Standard (11-14%),High,None,Low
44,Male,Single,10,Yes,Travel_Rarely,Research & Development,Research Scientist,1,4,Life Sciences,2936,11,0,6,1,6,4,0,2,4,3,3,3,3,3,3,Yes,Moderate (6-15km),Experienced (41+),Standard (11-14%),High,None,Low
53,Female,Divorced,7,No,Travel_Rarely,Research & Development,Manager,5,2,Medical,18606,18,1,26,3,7,7,4,7,6,4,3,3,3,2,3,No,Moderate (6-15km),Experienced (41+),High (15-18%),High,Low,High
29,Female,Married,15,No,Travel_Rarely,Research & Development,Research Scientist,1,1,Life Sciences,2168,18,1,6,0,5,4,1,3,2,2,4,1,3,1,2,Yes,Moderate (6-15km),Mid Career (29-40),High (15-18%),Very High,Low,Low
22,Male,Married,3,Yes,Travel_Frequently,Research & Development,Research Scientist,1,4,Life Sciences,2853,11,1,1,0,0,0,0,0,5,3,4,2,3,2,3,Yes,Close (0-5km),Early Career (18-28),Standard (11-14%),Very High,Low,Low
46,Female,Married,2,No,Travel_Rarely,Sales,Manager,4,3,Marketing,17048,23,0,28,8,26,15,15,9,2,3,1,3,4,1,3,No,Close (0-5km),Experienced (41+),Top Tier (19-25%),Low,None,High
44,Male,Single,17,No,Non-Travel,Research & Development,Research Scientist,1,3,Life Sciences,2290,13,0,6,2,0,0,0,0,3,4,3,1,3,4,3,No,Far (16+ km),Experienced (41+),Standard (11-14%),High,None,Low
33,Male,Married,2,No,Travel_Rarely,Human Resources,Human Resources,1,3,Human Resources,3600,13,1,5,1,5,4,1,4,2,2,3,3,3,4,3,No,Close (0-5km),Mid Career (29-40),Standard (11-14%),High,Low,Low
41,Male,Divorced,5,Yes,Non-Travel,Research & Development,Research Scientist,1,2,Life Sciences,2107,17,1,5,6,1,0,0,0,2,1,1,2,3,1,1,No,Close (0-5km),Experienced (41+),High (15-18%),Low,Low,Low
30,Male,Divorced,29,No,Travel_Rarely,Sales,Sales Executive,2,4,Life Sciences,4115,19,3,8,8,4,3,0,3,3,3,1,3,3,3,3,No,Far (16+ km),Mid Career (29-40),Top Tier (19-25%),Low,High,Medium
40,Male,Married,2,No,Travel_Frequently,Sales,Sales Executive,2,4,Medical,4327,12,3,5,5,0,0,0,0,2,2,2,3,3,4,3,No,Close (0-5km),Mid Career (29-40),Standard (11-14%),Medium,High,Medium
50,Female,Married,2,No,Travel_Frequently,Research & Development,Manager,4,3,Medical,17856,22,1,32,2,2,2,2,2,3,4,1,3,4,3,3,No,Close (0-5km),Experienced (41+),Top Tier (19-25%),Low,Low,High
28,Male,Married,19,No,Travel_Rarely,Research & Development,Laboratory Technician,1,4,Medical,3196,12,3,6,1,6,5,3,3,2,4,1,2,3,3,3,No,Far (16+ km),Early Career (18-28),Standard (11-14%),Low,High,Low
46,Male,Married,15,No,Travel_Rarely,Research & Development,Research Director,5,2,Life Sciences,19081,11,1,25,5,4,2,0,3,2,4,2,3,3,1,3,No,Moderate (6-15km),Experienced (41+),Standard (11-14%),Medium,Low,High
35,Male,Married,17,No,Travel_Rarely,Sales,Sales Executive,2,4,Life Sciences,8966,15,3,15,3,7,7,1,7,2,3,1,3,3,4,3,Yes,Far (16+ km),Mid Career (29-40),High (15-18%),Low,High,High
24,Female,Married,17,Yes,Travel_Rarely,Research & Development,Laboratory Technician,1,2,Life Sciences,2210,13,1,1,1,1,0,0,0,3,4,2,3,3,1,1,No,Far (16+ km),Early Career (18-28),Standard (11-14%),Medium,Low,Low
33,Female,Married,25,No,Travel_Frequently,Sales,Sales Executive,2,3,Medical,4539,12,1,10,1,10,7,0,1,3,2,3,3,3,1,2,No,Far (16+ km),Mid Career (29-40),Standard (11-14%),High,Low,Medium
36,Male,Divorced,6,No,Travel_Rarely,Research & Development,Laboratory Technician,1,4,Life Sciences,2741,14,1,7,1,7,7,1,7,4,3,3,1,3,3,3,No,Moderate (6-15km),Mid Career (29-40),Standard (11-14%),High,Low,Low
30,Male,Divorced,7,No,Travel_Rarely,Research & Development,Laboratory Technician,2,4,Life Sciences,3491,13,3,10,1,10,7,8,9,4,3,3,3,3,1,2,No,Moderate (6-15km),Mid Career (29-40),Standard (11-14%),High,High,Low
44,Male,Single,29,No,Travel_Rarely,Research & Development,Research Scientist,2,4,Other,4541,25,0,20,1,20,11,13,17,3,4,4,3,4,2,3,No,Far (16+ km),Experienced (41+),Top Tier (19-25%),Very High,None,Medium
20,Male,Single,21,No,Travel_Rarely,Sales,Sales Representative,1,3,Marketing,2678,17,0,2,1,2,1,2,2,2,3,4,4,3,4,3,No,Far (16+ km),Early Career (18-28),High (15-18%),Very High,None,Low
46,Male,Divorced,2,No,Travel_Rarely,Research & Development,Manufacturing Director,2,4,Technical Degree,7379,11,1,12,2,6,3,1,4,3,4,4,3,3,3,2,No,Close (0-5km),Experienced (41+),Standard (11-14%),Very High,Low,High
42,Male,Married,2,No,Non-Travel,Human Resources,Human Resources,2,5,Medical,6272,16,1,10,7,4,3,0,3,3,4,1,4,3,1,4,No,Close (0-5km),Experienced (41+),High (15-18%),Low,Low,Medium
60,Male,Divorced,7,No,Travel_Rarely,Sales,Sales Executive,2,4,Marketing,5220,18,1,12,0,11,7,1,9,3,2,4,4,3,2,3,Yes,Moderate (6-15km),Experienced (41+),High (15-18%),Very High,Low,Medium
32,Female,Married,13,No,Travel_Frequently,Research & Development,Laboratory Technician,1,3,Other,2743,20,1,2,1,2,2,2,2,2,3,2,2,4,3,3,No,Moderate (6-15km),Mid Career (29-40),Top Tier (19-25%),Medium,Low,Low
32,Female,Single,2,No,Travel_Frequently,Research & Development,Research Scientist,2,2,Life Sciences,4998,14,0,10,4,8,7,0,7,2,4,3,3,3,4,3,Yes,Close (0-5km),Mid Career (29-40),Standard (11-14%),High,None,Medium
36,Female,Divorced,1,No,Travel_Rarely,Research & Development,Manufacturing Director,3,3,Technical Degree,10252,21,1,17,2,7,7,7,7,2,3,1,1,4,3,3,Yes,Close (0-5km),Mid Career (29-40),Top Tier (19-25%),Low,Low,High
33,Male,Married,9,No,Travel_Rarely,Research & Development,Research Scientist,1,3,Medical,2781,13,1,15,0,14,10,4,10,5,1,4,3,3,2,3,No,Moderate (6-15km),Mid Career (29-40),Standard (11-14%),Very High,Low,Low
40,Female,Divorced,10,No,Travel_Rarely,Sales,Sales Executive,2,3,Technical Degree,6852,12,1,7,7,5,1,1,3,2,2,2,2,3,2,4,No,Moderate (6-15km),Mid Career (29-40),Standard (11-14%),Medium,Low,High
25,Male,Single,10,No,Travel_Rarely,Sales,Sales Executive,2,4,Life Sciences,4950,14,0,5,0,4,3,1,1,4,3,4,3,3,2,3,No,Moderate (6-15km),Early Career (18-28),Standard (11-14%),Very High,None,Medium
30,Male,Married,1,No,Travel_Rarely,Research & Development,Research Scientist,1,3,Medical,3579,21,1,12,0,11,9,5,7,2,4,2,3,4,1,3,Yes,Close (0-5km),Mid Career (29-40),Top Tier (19-25%),Medium,Low,Low
42,Female,Married,26,No,Travel_Frequently,Research & Development,Research Director,3,5,Medical,13191,17,0,20,3,1,0,0,0,6,1,1,3,3,3,3,Yes,Far (16+ km),Experienced (41+),High (15-18%),Low,None,High
35,Female,Married,8,No,Non-Travel,Sales,Sales Executive,3,2,Marketing,10377,11,1,16,4,13,2,4,12,6,3,4,2,3,2,2,Yes,Moderate (6-15km),Mid Career (29-40),Standard (11-14%),Very High,Low,High
27,Male,Married,14,No,Travel_Rarely,Research & Development,Research Scientist,1,3,Life Sciences,2235,14,2,9,1,9,7,6,8,3,1,1,3,3,4,2,Yes,Moderate (6-15km),Early Career (18-28),Standard (11-14%),Low,Medium,Low
54,Female,Divorced,1,No,Travel_Frequently,Research & Development,Manufacturing Director,3,4,Life Sciences,10502,17,1,33,7,5,4,1,4,2,4,3,3,3,1,1,No,Close (0-5km),Experienced (41+),High (15-18%),High,Low,High
44,Female,Married,2,No,Travel_Rarely,Research & Development,Research Scientist,1,1,Life Sciences,2011,13,1,10,1,10,5,7,7,5,1,4,4,3,4,3,No,Close (0-5km),Experienced (41+),Standard (11-14%),Very High,Low,Low
19,Female,Single,10,Yes,Non-Travel,Research & Development,Research Scientist,1,3,Medical,1859,25,0,1,1,1,1,0,0,2,1,2,2,4,2,4,Yes,Moderate (6-15km),Early Career (18-28),Top Tier (19-25%),Medium,None,Low
29,Female,Divorced,1,No,Travel_Rarely,Research & Development,Research Scientist,1,3,Life Sciences,3760,15,3,3,1,3,2,1,2,5,1,4,3,3,1,3,No,Close (0-5km),Mid Career (29-40),High (15-18%),Very High,High,Medium
54,Male,Married,3,No,Travel_Rarely,Research & Development,Research Director,4,3,Life Sciences,17779,14,0,36,3,10,9,0,9,2,4,4,3,3,1,3,No,Close (0-5km),Experienced (41+),Standard (11-14%),Very High,None,High
31,Male,Married,11,No,Travel_Rarely,Research & Development,Healthcare Representative,2,2,Medical,6833,12,0,6,1,6,5,0,1,2,3,1,3,3,4,2,Yes,Moderate (6-15km),Mid Career (29-40),Standard (11-14%),Low,None,High
31,Female,Single,24,No,Travel_Rarely,Research & Development,Healthcare Representative,2,3,Medical,6812,19,0,10,1,10,9,1,8,2,3,1,2,3,2,3,No,Far (16+ km),Mid Career (29-40),Top Tier (19-25%),Low,None,High
59,Female,Single,3,No,Travel_Rarely,Sales,Sales Executive,2,3,Life Sciences,5171,17,0,13,5,6,1,0,5,2,3,4,2,3,4,3,No,Close (0-5km),Experienced (41+),High (15-18%),Very High,None,Medium
43,Male,Married,3,No,Travel_Rarely,Research & Development,Research Director,5,3,Life Sciences,19740,14,1,25,3,8,7,0,7,2,3,4,1,3,2,3,No,Close (0-5km),Experienced (41+),Standard (11-14%),Very High,Low,High
49,Male,Married,4,No,Travel_Rarely,Research & Development,Manager,5,2,Medical,18711,13,1,23,2,1,0,0,0,2,1,3,2,3,3,4,No,Close (0-5km),Experienced (41+),Standard (11-14%),High,Low,High
36,Male,Married,3,No,Travel_Frequently,Research & Development,Research Scientist,1,3,Technical Degree,3692,12,0,12,1,11,10,0,7,2,3,2,3,3,3,2,No,Close (0-5km),Mid Career (29-40),Standard (11-14%),Medium,None,Medium
48,Male,Single,2,No,Travel_Rarely,Research & Development,Laboratory Technician,1,2,Technical Degree,2559,11,0,7,5,1,0,0,0,4,4,2,4,3,3,2,No,Close (0-5km),Experienced (41+),Standard (11-14%),Medium,None,Low
27,Male,Divorced,4,No,Travel_Rarely,Research & Development,Research Scientist,1,2,Life Sciences,2517,11,3,5,1,5,3,0,3,2,1,3,3,3,2,3,No,Close (0-5km),Early Career (18-28),Standard (11-14%),High,High,Low
29,Male,Divorced,7,No,Travel_Rarely,Research & Development,Healthcare Representative,2,3,Life Sciences,6623,11,2,6,1,6,0,1,0,2,3,4,3,3,2,3,Yes,Moderate (6-15km),Mid Career (29-40),Standard (11-14%),Very High,Medium,High
48,Male,Single,1,No,Travel_Rarely,Research & Development,Research Director,5,3,Life Sciences,18265,12,0,25,6,1,0,0,0,3,4,4,2,3,3,4,No,Close (0-5km),Experienced (41+),Standard (11-14%),Very High,None,High
29,Female,Divorced,1,No,Travel_Rarely,Research & Development,Research Director,4,3,Life Sciences,16124,14,2,9,3,7,7,1,7,2,4,4,2,3,2,2,No,Close (0-5km),Mid Career (29-40),Standard (11-14%),Very High,Medium,High
34,Female,Married,20,No,Travel_Rarely,Research & Development,Research Scientist,1,3,Technical Degree,2585,17,0,2,0,1,0,0,0,5,3,3,4,3,4,2,No,Far (16+ km),Mid Career (29-40),High (15-18%),High,None,Low
44,Male,Married,5,No,Travel_Rarely,Sales,Manager,5,3,Marketing,18213,11,1,26,7,22,9,3,10,5,2,2,3,3,3,3,No,Close (0-5km),Experienced (41+),Standard (11-14%),Medium,Low,High
33,Male,Divorced,10,No,Travel_Rarely,Sales,Sales Executive,3,5,Marketing,8380,14,2,10,0,9,8,0,8,3,4,3,4,3,4,3,Yes,Moderate (6-15km),Mid Career (29-40),Standard (11-14%),High,Medium,High
19,Female,Single,25,No,Travel_Rarely,Research & Development,Research Scientist,1,3,Life Sciences,2994,12,0,1,1,1,0,0,1,2,2,4,4,3,4,3,Yes,Far (16+ km),Early Career (18-28),Standard (11-14%),Very High,None,Low
23,Male,Married,1,No,Travel_Rarely,Research & Development,Research Scientist,1,2,Life Sciences,1223,22,1,1,1,1,0,0,1,2,4,3,3,4,4,3,No,Close (0-5km),Early Career (18-28),Top Tier (19-25%),High,Low,Low
25,Male,Single,24,Yes,Travel_Frequently,Sales,Sales Representative,1,1,Life Sciences,1118,14,0,1,1,1,0,1,0,4,3,4,1,3,4,3,Yes,Far (16+ km),Early Career (18-28),Standard (11-14%),Very High,None,Low
26,Male,Single,4,No,Travel_Rarely,Research & Development,Research Scientist,1,2,Life Sciences,2875,20,0,8,1,8,5,2,2,2,3,4,3,4,2,2,Yes,Close (0-5km),Early Career (18-28),Top Tier (19-25%),Very High,None,Low
45,Female,Single,2,Yes,Travel_Rarely,Sales,Manager,5,3,Marketing,18824,16,0,26,2,24,10,1,11,2,1,2,1,3,1,3,Yes,Close (0-5km),Experienced (41+),High (15-18%),Medium,None,High
55,Male,Divorced,8,No,Non-Travel,Research & Development,Healthcare Representative,4,1,Medical,13577,15,1,34,1,33,9,15,0,3,4,2,2,3,4,3,Yes,Moderate (6-15km),Experienced (41+),High (15-18%),Medium,Low,High
21,Female,Single,10,Yes,Travel_Frequently,Research & Development,Laboratory Technician,1,2,Life Sciences,2625,20,0,2,1,2,2,2,2,2,1,3,2,4,3,1,No,Moderate (6-15km),Early Career (18-28),Top Tier (19-25%),High,None,Low
46,Female,Married,4,No,Travel_Rarely,Sales,Manager,5,2,Marketing,18789,14,1,26,2,11,4,0,8,2,4,2,2,3,3,3,No,Close (0-5km),Experienced (41+),Standard (11-14%),Medium,Low,High
34,Female,Single,2,No,Travel_Rarely,Sales,Sales Executive,2,3,Marketing,4538,12,0,4,0,3,2,0,2,3,3,1,3,3,4,3,Yes,Close (0-5km),Mid Career (29-40),Standard (11-14%),Low,None,Medium
51,Male,Divorced,9,No,Travel_Frequently,Sales,Manager,5,3,Life Sciences,19847,24,1,31,4,29,10,11,10,5,4,2,3,4,1,2,Yes,Moderate (6-15km),Experienced (41+),Top Tier (19-25%),Medium,Low,High
59,Male,Single,18,No,Travel_Rarely,Research & Development,Manufacturing Director,3,4,Medical,10512,12,0,25,6,9,7,5,4,6,4,4,3,3,4,2,No,Far (16+ km),Experienced (41+),Standard (11-14%),Very High,None,High
34,Female,Divorced,19,No,Travel_Frequently,Research & Development,Laboratory Technician,2,3,Medical,4444,13,2,15,4,11,8,5,10,2,3,2,3,3,3,4,No,Far (16+ km),Mid Career (29-40),Standard (11-14%),Medium,Medium,Medium
28,Male,Single,1,No,Travel_Frequently,Research & Development,Laboratory Technician,1,4,Medical,2154,11,0,5,0,4,2,0,2,2,4,3,3,3,3,2,Yes,Close (0-5km),Early Career (18-28),Standard (11-14%),High,None,Low
44,Male,Divorced,4,No,Travel_Rarely,Research & Development,Manager,5,2,Life Sciences,19190,14,2,26,1,25,9,14,13,4,3,1,4,3,4,2,No,Close (0-5km),Experienced (41+),Standard (11-14%),Low,Medium,High
34,Male,Married,11,No,Travel_Frequently,Human Resources,Human Resources,2,3,Life Sciences,4490,11,2,14,4,10,9,1,8,5,3,2,2,3,4,4,No,Moderate (6-15km),Mid Career (29-40),Standard (11-14%),Medium,Medium,Medium
35,Male,Married,6,No,Travel_Rarely,Research & Development,Research Scientist,1,1,Life Sciences,3506,14,0,4,0,3,2,2,2,3,3,3,3,3,4,3,Yes,Moderate (6-15km),Mid Career (29-40),Standard (11-14%),High,None,Low
42,Female,Married,7,No,Travel_Rarely,Research & Development,Research Scientist,2,4,Medical,2372,16,0,18,6,1,0,0,0,2,2,2,4,3,4,3,Yes,Moderate (6-15km),Experienced (41+),High (15-18%),Medium,None,Low
43,Female,Single,4,No,Travel_Rarely,Sales,Sales Executive,3,4,Marketing,10231,14,0,23,3,21,7,15,17,3,4,4,2,3,4,4,No,Close (0-5km),Experienced (41+),Standard (11-14%),Very High,None,High
36,Female,Single,2,No,Travel_Rarely,Research & Development,Manufacturing Director,2,4,Life Sciences,5410,11,0,18,9,16,14,5,12,2,3,2,3,3,4,3,Yes,Close (0-5km),Mid Career (29-40),Standard (11-14%),Medium,None,Medium
44,Female,Married,15,Yes,Travel_Rarely,Research & Development,Healthcare Representative,3,3,Medical,7978,11,1,10,1,10,7,0,5,2,1,4,3,3,4,3,No,Moderate (6-15km),Experienced (41+),Standard (11-14%),Very High,Low,High
28,Male,Married,2,No,Travel_Frequently,Research & Development,Laboratory Technician,1,3,Life Sciences,3867,12,1,2,1,2,2,2,2,2,4,4,2,3,2,3,Yes,Close (0-5km),Early Career (18-28),Standard (11-14%),Very High,Low,Medium
51,Female,Single,6,No,Travel_Frequently,Research & Development,Laboratory Technician,1,2,Medical,2838,14,0,8,0,7,0,7,7,6,2,3,2,3,2,2,No,Moderate (6-15km),Experienced (41+),Standard (11-14%),High,None,Low
30,Female,Single,9,No,Non-Travel,Research & Development,Manufacturing Director,2,2,Medical,4695,18,0,10,7,8,4,1,7,3,3,3,3,3,3,3,Yes,Moderate (6-15km),Mid Career (29-40),High (15-18%),High,None,Medium
29,Female,Divorced,7,Yes,Travel_Rarely,Research & Development,Laboratory Technician,1,3,Technical Degree,3339,13,2,10,3,7,7,7,7,2,2,3,3,3,1,3,Yes,Moderate (6-15km),Mid Career (29-40),Standard (11-14%),High,Medium,Low
28,Male,Single,1,No,Travel_Rarely,Research & Development,Research Scientist,1,3,Technical Degree,2080,11,0,5,2,3,2,1,2,2,4,1,3,3,2,2,No,Close (0-5km),Early Career (18-28),Standard (11-14%),Low,None,Low
25,Female,Single,1,No,Travel_Rarely,Research & Development,Research Scientist,1,3,Medical,2096,18,0,2,1,2,2,2,1,3,4,2,3,3,4,2,No,Close (0-5km),Early Career (18-28),High (15-18%),Medium,None,Low
32,Male,Married,8,No,Travel_Rarely,Sales,Sales Executive,2,3,Medical,6209,15,2,10,1,10,7,0,8,4,3,4,4,3,3,4,No,Moderate (6-15km),Mid Career (29-40),High (15-18%),Very High,Medium,Medium
45,Female,Single,25,No,Travel_Frequently,Research & Development,Manager,5,3,Medical,18061,22,0,22,3,0,0,0,0,4,2,2,3,4,3,3,No,Far (16+ km),Experienced (41+),Top Tier (19-25%),Medium,None,High
39,Female,Divorced,13,No,Travel_Rarely,Research & Development,Manager,4,4,Medical,17123,13,2,21,6,19,9,15,2,4,3,2,2,3,4,3,Yes,Moderate (6-15km),Mid Career (29-40),Standard (11-14%),Medium,Medium,High
58,Male,Divorced,23,No,Travel_Rarely,Research & Development,Research Scientist,1,4,Life Sciences,2372,12,2,2,1,2,2,2,2,3,1,3,3,3,4,3,No,Far (16+ km),Experienced (41+),Standard (11-14%),High,Medium,Low
32,Male,Married,7,Yes,Travel_Rarely,Research & Development,Laboratory Technician,2,2,Life Sciences,4883,18,1,10,1,10,4,1,1,3,4,3,3,3,1,3,No,Moderate (6-15km),Mid Career (29-40),High (15-18%),High,Low,Medium
39,Male,Single,23,Yes,Travel_Rarely,Research & Development,Research Scientist,1,3,Medical,3904,13,0,6,0,5,2,0,3,2,3,1,3,3,1,3,No,Far (16+ km),Mid Career (29-40),Standard (11-14%),Low,None,Medium
30,Female,Married,6,No,Travel_Rarely,Research & Development,Laboratory Technician,2,3,Technical Degree,4627,12,1,10,0,9,2,6,7,6,1,4,2,3,1,3,No,Moderate (6-15km),Mid Career (29-40),Standard (11-14%),Very High,Low,Medium
36,Female,Married,10,No,Travel_Rarely,Research & Development,Healthcare Representative,3,4,Technical Degree,7094,12,0,10,3,7,7,1,7,0,4,3,3,3,1,3,No,Moderate (6-15km),Mid Career (29-40),Standard (11-14%),High,None,High
46,Female,Single,1,No,Travel_Rarely,Human Resources,Human Resources,1,2,Life Sciences,3423,12,0,10,6,7,6,5,7,3,4,1,3,3,3,4,No,Close (0-5km),Experienced (41+),Standard (11-14%),Low,None,Low
28,Female,Married,1,No,Non-Travel,Research & Development,Laboratory Technician,2,3,Life Sciences,6674,11,3,10,0,9,8,7,5,6,3,4,1,3,1,3,No,Close (0-5km),Early Career (18-28),Standard (11-14%),Very High,High,High
50,Female,Married,28,No,Travel_Rarely,Research & Development,Research Director,4,3,Life Sciences,16880,11,0,25,4,3,2,1,2,2,4,1,3,3,2,3,Yes,Far (16+ km),Experienced (41+),Standard (11-14%),Low,None,High
40,Male,Single,25,Yes,Travel_Rarely,Sales,Sales Executive,3,4,Marketing,9094,12,0,9,2,5,4,1,0,2,4,2,2,3,3,3,Yes,Far (16+ km),Mid Career (29-40),Standard (11-14%),Medium,None,High
52,Male,Single,5,Yes,Travel_Rarely,Sales,Sales Executive,3,3,Life Sciences,8446,19,0,10,9,8,7,7,7,2,2,2,3,3,3,2,Yes,Close (0-5km),Experienced (41+),Top Tier (19-25%),Medium,None,High
30,Female,Married,17,No,Travel_Rarely,Research & Development,Manager,3,4,Medical,11916,23,2,9,1,9,1,0,8,2,2,1,3,4,4,3,Yes,Far (16+ km),Mid Career (29-40),Top Tier (19-25%),Low,Medium,High
39,Male,Single,18,No,Travel_Rarely,Research & Development,Manufacturing Director,2,2,Life Sciences,4534,11,0,9,0,8,7,1,7,6,1,3,3,3,1,3,No,Far (16+ km),Mid Career (29-40),Standard (11-14%),High,None,Medium
31,Female,Divorced,2,No,Non-Travel,Sales,Sales Executive,3,4,Life Sciences,9852,19,1,10,1,10,8,9,6,5,4,3,3,3,1,2,Yes,Close (0-5km),Mid Career (29-40),Top Tier (19-25%),High,Low,High
41,Male,Single,10,No,Non-Travel,Sales,Sales Executive,2,2,Medical,6151,13,0,19,1,19,2,11,9,4,3,2,1,3,1,3,No,Moderate (6-15km),Experienced (41+),Standard (11-14%),Medium,None,Medium
31,Female,Single,1,Yes,Travel_Frequently,Sales,Sales Representative,1,3,Life Sciences,2302,11,0,3,1,3,2,2,2,2,4,2,3,3,1,4,Yes,Close (0-5km),Mid Career (29-40),Standard (11-14%),Medium,None,Low
44,Male,Married,3,Yes,Travel_Rarely,Research & Development,Laboratory Technician,1,3,Life Sciences,2362,12,0,10,4,3,2,1,2,4,1,1,3,3,3,4,No,Close (0-5km),Experienced (41+),Standard (11-14%),Low,None,Low
42,Male,Married,2,No,Non-Travel,Research & Development,Manager,4,1,Life Sciences,17861,13,0,21,0,20,8,2,10,3,3,3,3,3,4,2,Yes,Close (0-5km),Experienced (41+),Standard (11-14%),High,None,High
55,Female,Married,2,No,Travel_Rarely,Research & Development,Manager,5,2,Medical,19187,14,1,23,4,19,9,9,11,5,4,3,1,3,4,3,No,Close (0-5km),Experienced (41+),Standard (11-14%),High,Low,High
56,Male,Single,8,No,Travel_Rarely,Human Resources,Manager,5,4,Life Sciences,19717,14,0,36,6,7,3,7,7,4,4,2,3,3,1,3,No,Moderate (6-15km),Experienced (41+),Standard (11-14%),Medium,None,High
40,Male,Divorced,16,No,Non-Travel,Research & Development,Research Scientist,1,2,Life Sciences,3544,16,1,6,9,4,2,0,0,0,3,3,3,3,2,3,No,Far (16+ km),Mid Career (29-40),High (15-18%),High,Low,Low
34,Male,Divorced,9,No,Travel_Rarely,Research & Development,Healthcare Representative,3,3,Life Sciences,8500,11,1,10,0,9,7,1,6,0,4,4,3,3,4,2,No,Moderate (6-15km),Mid Career (29-40),Standard (11-14%),Very High,Low,High
40,Male,Single,2,No,Travel_Rarely,Research & Development,Research Scientist,2,3,Life Sciences,4661,13,0,9,1,9,8,8,8,4,3,4,3,3,3,3,No,Close (0-5km),Mid Career (29-40),Standard (11-14%),Very High,None,Medium
41,Female,Divorced,1,No,Travel_Frequently,Sales,Sales Executive,2,3,Marketing,4103,17,1,10,0,9,3,1,7,2,3,1,3,3,4,3,No,Close (0-5km),Experienced (41+),High (15-18%),Low,Low,Medium
35,Male,Single,4,No,Travel_Frequently,Research & Development,Research Scientist,2,4,Life Sciences,4249,11,0,9,1,9,6,1,1,3,3,3,3,3,2,3,Yes,Close (0-5km),Mid Career (29-40),Standard (11-14%),High,None,Medium
51,Male,Divorced,5,No,Travel_Rarely,Human Resources,Manager,4,3,Life Sciences,14026,11,1,33,1,33,9,0,10,2,3,2,3,3,2,3,Yes,Close (0-5km),Experienced (41+),Standard (11-14%),Medium,Low,High
38,Female,Divorced,2,No,Travel_Rarely,Sales,Sales Executive,2,2,Life Sciences,6893,15,1,11,3,7,7,1,7,3,2,1,3,3,4,3,No,Close (0-5km),Mid Career (29-40),High (15-18%),Low,Low,High
34,Female,Single,15,No,Travel_Rarely,Sales,Sales Executive,2,2,Medical,6125,12,0,10,1,10,8,9,6,6,3,1,3,3,4,4,No,Moderate (6-15km),Mid Career (29-40),Standard (11-14%),Low,None,Medium
25,Male,Married,19,No,Travel_Rarely,Research & Development,Laboratory Technician,1,1,Medical,3669,11,3,7,3,3,2,1,2,6,4,4,3,3,3,2,No,Far (16+ km),Early Career (18-28),Standard (11-14%),Very High,High,Medium
58,Female,Married,7,Yes,Travel_Rarely,Research & Development,Manufacturing Director,3,4,Medical,10008,14,0,31,7,10,9,5,9,0,3,1,2,3,4,2,Yes,Moderate (6-15km),Experienced (41+),Standard (11-14%),Low,None,High
40,Male,Married,1,No,Travel_Rarely,Research & Development,Laboratory Technician,1,4,Life Sciences,2387,22,1,7,3,4,2,0,3,3,2,2,3,4,3,3,No,Close (0-5km),Mid Career (29-40),Top Tier (19-25%),Medium,Low,Low
36,Female,Married,7,No,Travel_Frequently,Sales,Sales Executive,2,3,Marketing,4639,16,1,17,2,15,7,6,13,2,1,1,4,3,4,2,No,Moderate (6-15km),Mid Career (29-40),High (15-18%),Low,Low,Medium
48,Male,Single,4,No,Travel_Rarely,Research & Development,Manufacturing Director,3,3,Life Sciences,7898,11,0,11,1,10,9,0,8,2,4,4,3,3,3,3,No,Close (0-5km),Experienced (41+),Standard (11-14%),Very High,None,High
27,Female,Married,11,No,Travel_Rarely,Sales,Sales Representative,1,3,Medical,2534,14,1,5,8,1,0,0,0,4,3,4,4,3,2,3,No,Moderate (6-15km),Early Career (18-28),Standard (11-14%),Very High,Low,Low
51,Female,Single,11,No,Travel_Rarely,Research & Development,Manufacturing Director,4,2,Technical Degree,13142,16,0,29,3,5,2,0,3,1,4,2,2,3,2,2,No,Moderate (6-15km),Experienced (41+),High (15-18%),Medium,None,High
18,Female,Single,1,No,Non-Travel,Research & Development,Laboratory Technician,1,3,Life Sciences,1611,15,0,0,1,0,0,0,0,5,4,4,3,3,3,4,No,Close (0-5km),Early Career (18-28),High (15-18%),Very High,None,Low
35,Female,Married,1,No,Travel_Rarely,Research & Development,Laboratory Technician,2,3,Medical,5363,12,1,10,0,9,7,0,0,0,4,4,2,3,2,3,No,Close (0-5km),Mid Career (29-40),Standard (11-14%),Very High,Low,Medium
27,Male,Single,2,No,Travel_Frequently,Sales,Sales Executive,2,1,Life Sciences,5071,20,0,8,3,6,2,0,0,3,4,4,1,4,2,3,No,Close (0-5km),Early Career (18-28),Top Tier (19-25%),Very High,None,Medium
55,Male,Single,13,Yes,Travel_Rarely,Sales,Sales Executive,4,4,Marketing,13695,17,0,24,6,19,7,3,8,2,1,3,4,3,3,2,Yes,Moderate (6-15km),Experienced (41+),High (15-18%),High,None,High
56,Male,Married,23,No,Travel_Rarely,Research & Development,Manufacturing Director,4,3,Life Sciences,13402,12,1,33,4,19,16,15,9,0,4,2,3,3,1,3,Yes,Far (16+ km),Experienced (41+),Standard (11-14%),Medium,Low,High
34,Female,Divorced,26,No,Non-Travel,Research & Development,Research Scientist,1,1,Technical Degree,2029,20,3,5,1,5,4,0,0,2,1,3,2,4,3,3,No,Far (16+ km),Mid Career (29-40),Top Tier (19-25%),High,High,Low
40,Female,Divorced,2,No,Travel_Rarely,Research & Development,Healthcare Representative,2,1,Medical,6377,20,3,15,5,12,11,11,8,0,2,3,4,4,2,3,No,Close (0-5km),Mid Career (29-40),Top Tier (19-25%),High,High,Medium
34,Male,Married,29,No,Travel_Rarely,Research & Development,Laboratory Technician,2,3,Medical,5429,13,2,10,4,8,7,7,7,1,2,3,3,3,1,3,No,Far (16+ km),Mid Career (29-40),Standard (11-14%),High,Medium,Medium
31,Female,Single,2,Yes,Travel_Frequently,Sales,Sales Representative,1,3,Life Sciences,2785,14,0,3,7,1,0,0,0,3,3,4,2,3,3,4,No,Close (0-5km),Mid Career (29-40),Standard (11-14%),Very High,None,Low
35,Female,Married,18,Yes,Travel_Frequently,Sales,Sales Executive,2,4,Marketing,4614,18,1,5,0,4,2,3,2,0,4,3,3,3,3,2,Yes,Far (16+ km),Mid Career (29-40),High (15-18%),High,Low,Medium
38,Male,Divorced,7,No,Travel_Frequently,Research & Development,Research Scientist,1,3,Life Sciences,2610,11,3,4,1,4,2,0,3,2,4,3,4,3,4,3,No,Moderate (6-15km),Mid Career (29-40),Standard (11-14%),High,High,Low
34,Female,Single,2,No,Travel_Rarely,Research & Development,Healthcare Representative,2,4,Technical Degree,6687,11,0,14,1,14,11,4,11,2,3,4,3,3,4,4,No,Close (0-5km),Mid Career (29-40),Standard (11-14%),Very High,None,High
28,Male,Married,26,No,Travel_Rarely,Sales,Sales Executive,2,3,Life Sciences,4724,11,1,5,1,5,3,0,4,0,3,1,2,3,3,3,No,Far (16+ km),Early Career (18-28),Standard (11-14%),Low,Low,Medium
31,Male,Married,22,Yes,Travel_Rarely,Research & Development,Manufacturing Director,2,4,Medical,6179,15,2,10,1,10,2,6,7,3,4,3,3,3,4,2,Yes,Far (16+ km),Mid Career (29-40),High (15-18%),High,Medium,Medium
39,Male,Married,21,No,Travel_Rarely,Sales,Sales Executive,2,4,Life Sciences,6120,12,2,8,3,5,4,1,4,2,1,4,2,3,4,4,Yes,Far (16+ km),Mid Career (29-40),Standard (11-14%),Very High,Medium,Medium
51,Male,Married,2,No,Travel_Frequently,Sales,Sales Executive,3,3,Marketing,10596,11,0,14,2,4,2,3,2,5,2,2,3,3,2,3,No,Close (0-5km),Experienced (41+),Standard (11-14%),Medium,None,High
41,Female,Divorced,22,No,Travel_Frequently,Research & Development,Research Scientist,2,3,Life Sciences,5467,14,2,12,3,6,2,3,3,4,4,4,3,3,1,2,Yes,Far (16+ km),Experienced (41+),Standard (11-14%),Very High,Medium,Medium
37,Male,Married,4,No,Travel_Rarely,Research & Development,Research Scientist,1,1,Life Sciences,2996,15,0,8,7,6,4,1,3,2,3,3,3,3,4,3,Yes,Close (0-5km),Mid Career (29-40),High (15-18%),High,None,Low
33,Male,Married,5,No,Travel_Frequently,Sales,Sales Executive,2,1,Life Sciences,9998,13,0,8,6,5,4,1,2,2,2,4,3,3,1,4,No,Close (0-5km),Mid Career (29-40),Standard (11-14%),Very High,None,High
32,Male,Married,2,No,Travel_Rarely,Sales,Sales Executive,2,1,Marketing,4078,13,3,4,0,3,2,1,2,3,3,2,3,3,1,2,Yes,Close (0-5km),Mid Career (29-40),Standard (11-14%),Medium,High,Medium
39,Male,Married,25,No,Non-Travel,Research & Development,Healthcare Representative,3,2,Life Sciences,10920,21,1,13,3,6,4,0,5,2,3,3,3,4,2,3,No,Far (16+ km),Mid Career (29-40),Top Tier (19-25%),High,Low,High
25,Male,Married,18,No,Travel_Rarely,Sales,Sales Executive,2,1,Life Sciences,6232,11,0,6,2,3,2,1,2,3,1,3,4,3,2,2,No,Far (16+ km),Early Career (18-28),Standard (11-14%),High,None,Medium
52,Female,Married,28,No,Travel_Frequently,Research & Development,Manufacturing Director,4,2,Medical,13247,11,1,24,2,5,3,0,2,3,4,3,4,3,2,2,Yes,Far (16+ km),Experienced (41+),Standard (11-14%),High,Low,High
43,Female,Single,6,No,Travel_Rarely,Research & Development,Research Scientist,2,3,Medical,4081,14,0,20,1,20,7,1,8,3,1,3,2,3,1,1,Yes,Moderate (6-15km),Experienced (41+),Standard (11-14%),High,None,Medium
27,Female,Married,10,No,Travel_Rarely,Sales,Sales Executive,2,3,Marketing,5769,11,0,6,1,6,2,4,4,3,4,4,2,3,4,3,Yes,Moderate (6-15km),Early Career (18-28),Standard (11-14%),Very High,None,Medium
27,Female,Single,17,Yes,Travel_Rarely,Research & Development,Research Scientist,1,4,Life Sciences,2394,13,0,8,1,8,2,7,7,2,4,3,3,3,4,3,Yes,Far (16+ km),Early Career (18-28),Standard (11-14%),High,None,Low
26,Male,Single,2,No,Travel_Rarely,Research & Development,Research Scientist,1,1,Medical,3904,12,0,5,0,4,3,1,1,2,1,4,2,3,4,3,No,Close (0-5km),Early Career (18-28),Standard (11-14%),Very High,None,Medium
42,Female,Married,10,No,Travel_Rarely,Human Resources,Manager,4,3,Human Resources,16799,14,1,21,0,20,7,0,9,5,3,1,3,3,3,3,No,Moderate (6-15km),Experienced (41+),Standard (11-14%),Low,Low,High
52,Female,Married,8,No,Travel_Rarely,Research & Development,Laboratory Technician,1,4,Other,2950,13,0,12,9,5,4,0,4,2,3,1,3,3,3,1,No,Moderate (6-15km),Experienced (41+),Standard (11-14%),Low,None,Low
37,Female,Single,11,No,Travel_Rarely,Research & Development,Laboratory Technician,1,3,Medical,3629,18,0,8,4,3,2,0,2,6,1,3,3,3,1,3,No,Moderate (6-15km),Mid Career (29-40),High (15-18%),High,None,Low
35,Male,Single,18,No,Travel_Frequently,Research & Development,Manufacturing Director,3,2,Life Sciences,9362,11,0,10,2,2,2,2,2,2,3,4,3,3,3,3,No,Far (16+ km),Mid Career (29-40),Standard (11-14%),Very High,None,High
25,Male,Married,1,No,Travel_Rarely,Research & Development,Laboratory Technician,1,3,Technical Degree,3229,11,1,7,4,3,2,0,2,2,1,4,3,3,2,2,No,Close (0-5km),Early Career (18-28),Standard (11-14%),Very High,Low,Low
26,Male,Single,7,No,Travel_Rarely,Research & Development,Laboratory Technician,1,3,Other,3578,12,0,8,0,7,7,0,7,2,3,1,4,3,4,3,No,Moderate (6-15km),Early Career (18-28),Standard (11-14%),Low,None,Low
29,Male,Single,17,No,Travel_Rarely,Human Resources,Human Resources,3,3,Other,7988,13,0,10,1,10,9,0,9,3,2,1,2,3,1,2,No,Far (16+ km),Mid Career (29-40),Standard (11-14%),Low,None,High
49,Male,Single,28,Yes,Travel_Frequently,Research & Development,Laboratory Technician,2,2,Life Sciences,4284,20,0,20,3,4,3,1,3,2,1,1,2,4,1,3,No,Far (16+ km),Experienced (41+),Top Tier (19-25%),Low,None,Medium
29,Female,Single,14,Yes,Travel_Frequently,Research & Development,Healthcare Representative,3,1,Other,7553,12,0,9,0,8,7,7,7,1,3,4,3,3,1,3,Yes,Moderate (6-15km),Mid Career (29-40),Standard (11-14%),Very High,None,High
54,Female,Single,1,No,Travel_Rarely,Research & Development,Research Director,4,3,Medical,17328,19,0,29,6,20,7,12,7,3,4,4,3,3,4,2,No,Close (0-5km),Experienced (41+),Top Tier (19-25%),Very High,None,High
58,Female,Married,1,No,Travel_Rarely,Research & Development,Research Director,5,3,Medical,19701,21,1,32,3,9,8,1,5,3,4,1,3,4,3,3,Yes,Close (0-5km),Experienced (41+),Top Tier (19-25%),Low,Low,High
55,Male,Divorced,1,No,Travel_Rarely,Research & Development,Research Director,4,4,Medical,14732,13,2,31,2,7,7,0,0,4,2,4,4,3,4,4,No,Close (0-5km),Experienced (41+),Standard (11-14%),Very High,Medium,High
36,Female,Single,3,No,Travel_Rarely,Sales,Sales Executive,2,4,Marketing,9278,16,0,15,3,5,4,0,1,3,1,2,3,3,4,3,Yes,Close (0-5km),Mid Career (29-40),High (15-18%),Medium,None,High
31,Female,Single,1,Yes,Travel_Frequently,Sales,Sales Representative,1,4,Life Sciences,1359,12,0,1,1,1,0,0,0,3,2,3,1,3,2,3,No,Close (0-5km),Mid Career (29-40),Standard (11-14%),High,None,Low
30,Female,Divorced,7,No,Travel_Rarely,Sales,Sales Executive,2,4,Marketing,4779,14,2,8,7,3,2,0,2,3,4,1,3,3,2,3,No,Moderate (6-15km),Mid Career (29-40),Standard (11-14%),Low,Medium,Medium
31,Female,Single,8,No,Travel_Rarely,Research & Development,Research Director,4,5,Life Sciences,16422,11,0,9,3,3,2,1,0,3,1,2,3,3,3,4,No,Moderate (6-15km),Mid Career (29-40),Standard (11-14%),Medium,None,High
34,Male,Divorced,1,No,Travel_Frequently,Research & Development,Research Scientist,1,4,Other,2996,14,2,10,5,4,3,1,3,2,4,1,3,3,3,3,No,Close (0-5km),Mid Career (29-40),Standard (11-14%),Low,Medium,Low
31,Female,Single,8,Yes,Travel_Rarely,Research & Development,Research Scientist,1,3,Life Sciences,1261,12,0,1,1,1,0,0,0,3,1,2,2,3,3,4,No,Moderate (6-15km),Mid Career (29-40),Standard (11-14%),Medium,None,Low
27,Male,Married,11,No,Travel_Rarely,Research & Development,Laboratory Technician,1,1,Life Sciences,2099,14,0,6,0,5,0,1,4,3,2,1,3,3,2,4,No,Moderate (6-15km),Early Career (18-28),Standard (11-14%),Low,None,Low
36,Male,Single,4,No,Travel_Rarely,Research & Development,Laboratory Technician,2,4,Life Sciences,5810,16,0,10,1,10,4,1,8,2,1,4,2,3,3,2,No,Close (0-5km),Mid Career (29-40),High (15-18%),Very High,None,Medium
36,Female,Married,16,No,Travel_Rarely,Sales,Sales Executive,2,4,Marketing,5647,13,2,11,4,3,2,0,2,3,3,1,2,3,1,2,No,Far (16+ km),Mid Career (29-40),Standard (11-14%),Low,Medium,Medium
47,Male,Married,1,No,Travel_Rarely,Research & Development,Research Scientist,1,3,Technical Degree,3420,12,1,17,7,6,5,1,2,2,1,4,3,3,3,2,No,Close (0-5km),Experienced (41+),Standard (11-14%),Very High,Low,Low
25,Male,Married,9,Yes,Travel_Rarely,Sales,Sales Representative,1,2,Life Sciences,4400,12,0,6,3,3,2,2,2,2,1,1,2,3,1,3,No,Moderate (6-15km),Early Career (18-28),Standard (11-14%),Low,None,Medium
37,Male,Single,5,No,Non-Travel,Research & Development,Laboratory Technician,1,2,Technical Degree,3500,14,0,7,0,6,5,1,3,2,3,3,4,3,1,1,No,Close (0-5km),Mid Career (29-40),Standard (11-14%),High,None,Low
56,Female,Married,1,No,Travel_Rarely,Research & Development,Research Scientist,1,2,Life Sciences,2066,22,1,5,2,3,2,1,0,3,1,1,3,4,4,4,No,Close (0-5km),Experienced (41+),Top Tier (19-25%),Low,Low,Low
47,Female,Married,2,No,Travel_Rarely,Research & Development,Research Director,4,4,Medical,17169,19,2,26,3,20,17,5,6,2,1,3,3,3,2,4,No,Close (0-5km),Experienced (41+),Top Tier (19-25%),High,Medium,High
24,Female,Married,4,No,Travel_Rarely,Sales,Sales Executive,2,1,Medical,4162,12,2,5,1,5,4,0,3,3,4,3,3,3,3,3,Yes,Close (0-5km),Early Career (18-28),Standard (11-14%),High,Medium,Medium
32,Male,Married,7,No,Travel_Rarely,Sales,Sales Executive,2,5,Marketing,9204,12,1,7,4,4,3,0,3,3,4,4,3,3,3,2,No,Moderate (6-15km),Mid Career (29-40),Standard (11-14%),Very High,Low,High
34,Female,Married,1,No,Travel_Rarely,Research & Development,Laboratory Technician,1,3,Life Sciences,3294,17,1,7,5,5,4,0,2,2,4,2,2,3,1,2,No,Close (0-5km),Mid Career (29-40),High (15-18%),Medium,Low,Low
41,Male,Married,5,No,Travel_Rarely,Research & Development,Research Scientist,1,5,Medical,2127,12,0,7,2,4,2,0,3,5,2,3,4,3,1,2,Yes,Close (0-5km),Experienced (41+),Standard (11-14%),High,None,Low
40,Male,Divorced,9,No,Non-Travel,Research & Development,Laboratory Technician,2,4,Other,3975,11,2,11,3,8,7,0,7,2,3,3,3,3,3,4,No,Moderate (6-15km),Mid Career (29-40),Standard (11-14%),High,Medium,Medium
31,Male,Divorced,8,No,Travel_Rarely,Sales,Sales Executive,3,2,Life Sciences,10793,18,1,13,1,13,7,9,9,5,1,4,3,3,1,3,No,Moderate (6-15km),Mid Career (29-40),High (15-18%),Very High,Low,High
46,Male,Divorced,9,Yes,Travel_Rarely,Sales,Sales Executive,3,3,Marketing,10096,11,1,28,4,7,7,4,3,1,1,4,3,3,1,4,No,Moderate (6-15km),Experienced (41+),Standard (11-14%),Very High,Low,High
39,Female,Single,2,Yes,Non-Travel,Research & Development,Laboratory Technician,1,3,Life Sciences,3646,23,0,11,2,1,0,0,0,2,1,1,2,4,2,4,Yes,Close (0-5km),Mid Career (29-40),Top Tier (19-25%),Low,None,Medium
31,Female,Single,1,Yes,Travel_Frequently,Research & Development,Manufacturing Director,3,5,Life Sciences,7446,11,0,10,1,10,8,4,7,2,3,2,4,3,1,3,No,Close (0-5km),Mid Career (29-40),Standard (11-14%),Medium,None,High
45,Male,Divorced,20,No,Travel_Rarely,Research & Development,Healthcare Representative,3,3,Medical,10851,18,1,24,2,7,7,0,7,2,2,1,1,3,2,3,Yes,Far (16+ km),Experienced (41+),High (15-18%),Low,Low,High
31,Female,Single,8,No,Travel_Rarely,Human Resources,Human Resources,1,2,Medical,2109,18,0,8,9,3,2,0,2,3,4,2,4,3,4,3,No,Moderate (6-15km),Mid Career (29-40),High (15-18%),Medium,None,Low
31,Male,Married,2,Yes,Travel_Frequently,Research & Development,Laboratory Technician,1,3,Life Sciences,3722,13,1,7,6,2,2,2,2,2,2,4,3,3,3,1,Yes,Close (0-5km),Mid Career (29-40),Standard (11-14%),Very High,Low,Medium
45,Male,Married,29,No,Travel_Rarely,Research & Development,Manufacturing Director,3,3,Technical Degree,9380,18,2,10,4,3,1,1,2,4,2,4,3,3,4,4,Yes,Far (16+ km),Experienced (41+),High (15-18%),Very High,Medium,High
48,Male,Divorced,7,No,Travel_Rarely,Sales,Sales Executive,2,3,Marketing,5486,11,3,15,4,2,2,2,2,3,3,1,3,3,1,3,No,Moderate (6-15km),Experienced (41+),Standard (11-14%),Low,High,Medium
34,Female,Married,9,Yes,Travel_Rarely,Human Resources,Human Resources,1,4,Technical Degree,2742,15,0,2,1,2,2,2,2,0,1,3,3,3,4,3,No,Moderate (6-15km),Mid Career (29-40),High (15-18%),High,None,Low
40,Male,Divorced,8,No,Non-Travel,Research & Development,Research Director,3,1,Medical,13757,11,1,16,2,9,8,4,8,5,4,2,2,3,3,3,No,Moderate (6-15km),Mid Career (29-40),Standard (11-14%),Medium,Low,High
28,Male,Single,5,No,Travel_Rarely,Sales,Sales Executive,2,3,Medical,8463,18,0,6,0,5,4,1,3,4,4,1,3,3,4,3,No,Close (0-5km),Early Career (18-28),High (15-18%),Low,None,High
44,Male,Single,5,No,Non-Travel,Research & Development,Laboratory Technician,1,3,Life Sciences,3162,14,0,7,3,5,2,0,3,5,3,3,2,3,4,3,No,Close (0-5km),Experienced (41+),Standard (11-14%),High,None,Low
53,Male,Single,2,No,Travel_Rarely,Research & Development,Research Director,4,3,Medical,16598,12,0,35,4,9,8,8,8,2,4,2,4,3,2,2,No,Close (0-5km),Experienced (41+),Standard (11-14%),Medium,None,High
49,Male,Married,5,No,Travel_Rarely,Research & Development,Healthcare Representative,2,4,Technical Degree,6651,14,1,20,2,3,2,1,2,0,1,3,3,3,2,2,No,Close (0-5km),Experienced (41+),Standard (11-14%),High,Low,High
40,Male,Divorced,2,No,Travel_Rarely,Research & Development,Research Scientist,1,3,Medical,2345,14,1,8,2,3,1,1,2,3,3,3,3,3,3,4,No,Close (0-5km),Mid Career (29-40),Standard (11-14%),High,Low,Low
44,Male,Single,20,No,Travel_Rarely,Research & Development,Research Scientist,1,3,Life Sciences,3420,13,0,6,1,5,2,1,3,3,4,2,3,3,3,2,No,Far (16+ km),Experienced (41+),Standard (11-14%),Medium,None,Low
33,Male,Married,7,No,Travel_Frequently,Sales,Sales Executive,2,3,Medical,4373,14,2,5,0,4,3,0,3,2,4,1,3,3,1,3,No,Moderate (6-15km),Mid Career (29-40),Standard (11-14%),Low,Medium,Medium
34,Male,Single,3,No,Travel_Rarely,Sales,Sales Executive,2,3,Other,4759,18,0,15,3,13,9,3,12,2,4,1,1,3,4,3,No,Close (0-5km),Mid Career (29-40),High (15-18%),Low,None,Medium
30,Male,Married,16,No,Travel_Rarely,Sales,Sales Executive,2,1,Life Sciences,5301,15,2,4,8,2,1,2,2,2,4,3,3,3,3,2,No,Far (16+ km),Mid Career (29-40),High (15-18%),High,Medium,Medium
42,Female,Single,9,No,Travel_Frequently,Research & Development,Laboratory Technician,1,2,Medical,3673,13,0,12,1,12,9,5,8,3,1,4,3,3,3,3,No,Moderate (6-15km),Experienced (41+),Standard (11-14%),Very High,None,Medium
44,Female,Married,1,No,Travel_Frequently,Sales,Sales Executive,2,5,Marketing,4768,12,1,11,7,1,0,0,0,4,1,3,3,3,3,2,No,Close (0-5km),Experienced (41+),Standard (11-14%),High,Low,Medium
30,Male,Divorced,7,No,Non-Travel,Research & Development,Research Scientist,1,3,Technical Degree,1274,13,2,1,1,1,0,0,0,2,3,3,3,3,2,2,No,Moderate (6-15km),Mid Career (29-40),Standard (11-14%),High,Medium,Low
57,Male,Married,1,No,Travel_Rarely,Research & Development,Research Scientist,2,2,Life Sciences,4900,24,1,13,0,12,9,2,8,2,2,3,4,4,1,2,No,Close (0-5km),Experienced (41+),Top Tier (19-25%),High,Low,Medium
49,Male,Divorced,7,No,Travel_Rarely,Research & Development,Healthcare Representative,3,4,Life Sciences,10466,14,2,29,3,8,7,0,7,3,3,2,3,3,2,3,No,Moderate (6-15km),Experienced (41+),Standard (11-14%),Medium,Medium,High
34,Male,Divorced,15,No,Travel_Frequently,Research & Development,Research Director,4,3,Medical,17007,14,2,16,7,14,8,6,9,3,2,1,3,3,4,2,No,Moderate (6-15km),Mid Career (29-40),Standard (11-14%),Low,Medium,High
28,Male,Married,1,Yes,Travel_Frequently,Sales,Sales Representative,1,3,Technical Degree,2909,15,1,5,3,3,2,1,2,3,1,3,3,3,4,4,No,Close (0-5km),Early Career (18-28),High (15-18%),High,Low,Low
29,Female,Single,13,Yes,Travel_Frequently,Sales,Sales Executive,2,3,Technical Degree,5765,11,0,7,5,5,3,0,0,4,1,2,3,3,1,1,No,Moderate (6-15km),Mid Career (29-40),Standard (11-14%),Medium,None,Medium
34,Female,Single,24,Yes,Travel_Rarely,Sales,Sales Executive,2,4,Medical,4599,23,0,16,0,15,9,10,10,2,1,2,2,4,3,4,Yes,Far (16+ km),Mid Career (29-40),Top Tier (19-25%),Medium,None,Medium
35,Male,Married,7,No,Travel_Rarely,Sales,Sales Representative,1,1,Life Sciences,2404,13,1,1,1,1,0,0,0,3,4,3,3,3,1,3,No,Moderate (6-15km),Mid Career (29-40),Standard (11-14%),High,Low,Low
24,Male,Single,9,Yes,Travel_Frequently,Research & Development,Laboratory Technician,1,3,Medical,3172,11,0,4,2,0,0,0,0,2,2,1,3,3,3,2,Yes,Moderate (6-15km),Early Career (18-28),Standard (11-14%),Low,None,Low
24,Female,Married,13,No,Non-Travel,Sales,Sales Representative,1,2,Life Sciences,2033,13,1,1,1,1,0,0,0,2,4,2,3,3,3,3,No,Moderate (6-15km),Early Career (18-28),Standard (11-14%),Medium,Low,Low
44,Male,Single,2,No,Travel_Frequently,Research & Development,Manufacturing Director,3,1,Medical,10209,18,0,16,5,2,2,2,2,2,2,3,3,3,2,2,Yes,Close (0-5km),Experienced (41+),High (15-18%),High,None,High
29,Male,Divorced,19,No,Travel_Rarely,Sales,Sales Executive,2,3,Life Sciences,8620,14,2,10,1,10,7,0,4,3,3,3,2,3,3,3,No,Far (16+ km),Mid Career (29-40),Standard (11-14%),High,Medium,High
30,Male,Divorced,1,No,Travel_Rarely,Human Resources,Human Resources,1,3,Life Sciences,2064,21,1,6,0,5,3,1,3,3,3,3,3,4,1,4,No,Close (0-5km),Mid Career (29-40),Top Tier (19-25%),High,Low,Low
55,Male,Married,4,No,Travel_Rarely,Research & Development,Healthcare Representative,2,4,Life Sciences,4035,16,0,4,0,3,2,1,2,2,4,3,3,3,2,3,Yes,Close (0-5km),Experienced (41+),High (15-18%),High,None,Medium
33,Female,Married,4,No,Travel_Rarely,Research & Development,Laboratory Technician,1,4,Medical,3838,11,0,8,8,5,4,0,2,5,1,2,2,3,4,3,No,Close (0-5km),Mid Career (29-40),Standard (11-14%),Medium,None,Medium
47,Female,Married,14,No,Travel_Rarely,Sales,Sales Executive,2,3,Medical,4591,17,1,11,3,5,4,1,2,4,3,3,3,3,3,2,Yes,Moderate (6-15km),Experienced (41+),High (15-18%),High,Low,Medium
28,Male,Single,2,Yes,Travel_Frequently,Research & Development,Laboratory Technician,1,2,Medical,2561,11,0,8,7,0,0,0,0,2,3,1,2,3,3,2,No,Close (0-5km),Early Career (18-28),Standard (11-14%),Low,None,Low
28,Male,Divorced,1,No,Travel_Rarely,Research & Development,Research Scientist,1,3,Life Sciences,1563,14,1,1,1,1,0,0,0,2,1,3,2,3,4,1,No,Close (0-5km),Early Career (18-28),Standard (11-14%),High,Low,Low
28,Male,Single,7,No,Travel_Frequently,Sales,Sales Executive,2,3,Life Sciences,4898,14,0,5,0,4,2,1,3,5,3,1,3,3,4,3,No,Moderate (6-15km),Early Career (18-28),Standard (11-14%),Low,None,Medium
49,Female,Married,3,No,Travel_Rarely,Research & Development,Laboratory Technician,2,2,Medical,4789,25,1,10,4,3,2,1,2,3,3,1,2,4,1,3,No,Close (0-5km),Experienced (41+),Top Tier (19-25%),Low,Low,Medium
29,Female,Married,2,No,Travel_Frequently,Research & Development,Laboratory Technician,1,1,Life Sciences,3180,13,3,4,0,3,2,0,2,3,4,2,3,3,3,3,No,Close (0-5km),Mid Career (29-40),Standard (11-14%),Medium,High,Low
28,Male,Married,29,No,Travel_Rarely,Research & Development,Manufacturing Director,2,1,Life Sciences,6549,14,2,8,1,8,6,1,7,2,3,2,1,3,2,2,No,Far (16+ km),Early Career (18-28),Standard (11-14%),Medium,Medium,High
33,Male,Single,8,No,Travel_Rarely,Research & Development,Healthcare Representative,2,5,Life Sciences,6388,17,0,14,2,0,0,0,0,6,4,3,3,3,1,3,Yes,Moderate (6-15km),Mid Career (29-40),High (15-18%),High,None,Medium
32,Male,Single,10,No,Travel_Rarely,Research & Development,Manager,3,3,Medical,11244,25,0,10,2,5,2,0,0,5,3,4,3,4,2,4,No,Moderate (6-15km),Mid Career (29-40),Top Tier (19-25%),Very High,None,High
54,Female,Divorced,11,No,Travel_Frequently,Research & Development,Manager,4,4,Medical,16032,20,1,26,3,14,9,1,12,2,2,4,3,4,1,3,No,Moderate (6-15km),Experienced (41+),Top Tier (19-25%),Very High,Low,High
29,Male,Single,1,Yes,Travel_Rarely,Research & Development,Research Scientist,1,4,Technical Degree,2362,13,0,11,6,9,7,0,7,2,1,1,2,3,3,1,No,Close (0-5km),Mid Career (29-40),Standard (11-14%),Low,None,Low
44,Male,Married,28,No,Travel_Rarely,Research & Development,Research Director,4,3,Life Sciences,16328,13,1,24,3,20,6,14,17,1,4,1,3,3,3,4,No,Far (16+ km),Experienced (41+),Standard (11-14%),Low,Low,High
39,Female,Single,6,No,Travel_Rarely,Research & Development,Manufacturing Director,3,3,Life Sciences,8376,18,0,9,4,2,0,2,2,3,2,2,3,3,4,3,No,Moderate (6-15km),Mid Career (29-40),High (15-18%),Medium,None,High
46,Female,Married,3,No,Travel_Rarely,Sales,Manager,4,3,Life Sciences,16606,12,1,23,8,13,12,5,1,2,3,2,3,3,4,4,No,Close (0-5km),Experienced (41+),Standard (11-14%),Medium,Low,High
35,Female,Single,16,No,Travel_Rarely,Research & Development,Healthcare Representative,3,3,Life Sciences,8606,19,0,11,1,11,8,3,3,3,4,2,2,3,4,1,No,Far (16+ km),Mid Career (29-40),Top Tier (19-25%),Medium,None,High
23,Male,Single,20,No,Travel_Rarely,Research & Development,Laboratory Technician,2,1,Life Sciences,2272,14,0,5,0,4,3,1,2,2,1,3,3,3,2,3,No,Far (16+ km),Early Career (18-28),Standard (11-14%),High,None,Low
40,Male,Single,9,Yes,Travel_Rarely,Research & Development,Laboratory Technician,1,4,Life Sciences,2018,14,0,15,3,5,4,1,0,3,4,1,3,3,2,1,No,Moderate (6-15km),Mid Career (29-40),Standard (11-14%),Low,None,Low
34,Male,Married,1,No,Travel_Rarely,Sales,Sales Executive,3,3,Technical Degree,7083,14,0,10,1,10,9,8,6,3,4,3,2,3,4,3,Yes,Close (0-5km),Mid Career (29-40),Standard (11-14%),High,None,High
31,Female,Single,3,Yes,Travel_Frequently,Research & Development,Research Scientist,1,3,Life Sciences,4084,12,0,7,1,7,2,7,7,2,4,3,3,3,1,1,No,Close (0-5km),Mid Career (29-40),Standard (11-14%),High,None,Medium
50,Male,Single,22,No,Travel_Frequently,Research & Development,Research Director,4,5,Medical,14411,13,0,32,1,32,6,13,9,2,3,4,1,3,4,3,Yes,Far (16+ km),Experienced (41+),Standard (11-14%),Very High,None,High
34,Male,Married,7,No,Travel_Rarely,Sales,Sales Representative,1,2,Technical Degree,2308,25,1,12,0,11,10,5,7,4,2,3,3,4,2,3,Yes,Moderate (6-15km),Mid Career (29-40),Top Tier (19-25%),High,Low,Low
42,Male,Married,2,No,Travel_Rarely,Research & Development,Laboratory Technician,1,3,Medical,4841,14,1,4,4,1,0,0,0,3,3,2,2,3,2,3,No,Close (0-5km),Experienced (41+),Standard (11-14%),Medium,Low,Medium
37,Male,Married,13,No,Travel_Rarely,Research & Development,Research Scientist,2,3,Medical,4285,17,0,10,1,10,8,3,7,2,1,4,3,3,1,3,No,Moderate (6-15km),Mid Career (29-40),High (15-18%),Very High,None,Medium
29,Female,Married,8,No,Travel_Rarely,Research & Development,Healthcare Representative,2,1,Other,9715,13,1,9,3,7,7,0,7,3,3,1,1,3,3,3,No,Moderate (6-15km),Mid Career (29-40),Standard (11-14%),Low,Low,High
33,Male,Single,25,No,Travel_Rarely,Research & Development,Manufacturing Director,2,3,Life Sciences,4320,13,0,5,1,5,3,0,2,2,4,2,2,3,4,3,No,Far (16+ km),Mid Career (29-40),Standard (11-14%),Medium,None,Medium
45,Male,Married,28,No,Travel_Rarely,Research & Development,Research Scientist,1,3,Technical Degree,2132,20,1,8,4,5,4,0,3,3,4,4,3,4,4,3,No,Far (16+ km),Experienced (41+),Top Tier (19-25%),Very High,Low,Low
42,Male,Married,2,No,Travel_Frequently,Research & Development,Healthcare Representative,3,3,Life Sciences,10124,14,1,24,2,20,8,13,9,3,4,4,3,3,3,1,Yes,Close (0-5km),Experienced (41+),Standard (11-14%),Very High,Low,High
40,Male,Married,9,No,Travel_Rarely,Sales,Sales Executive,2,2,Medical,5473,12,0,9,0,8,4,7,1,5,1,1,3,3,4,4,No,Moderate (6-15km),Mid Career (29-40),Standard (11-14%),Low,None,Medium
33,Male,Married,28,No,Travel_Rarely,Research & Development,Laboratory Technician,2,4,Life Sciences,5207,12,1,15,1,15,14,5,7,3,2,3,3,3,2,3,Yes,Far (16+ km),Mid Career (29-40),Standard (11-14%),High,Low,Medium
40,Male,Single,6,No,Travel_Rarely,Human Resources,Manager,4,2,Medical,16437,21,0,21,1,21,7,7,7,2,3,4,3,4,4,3,Yes,Moderate (6-15km),Mid Career (29-40),Top Tier (19-25%),Very High,None,High
24,Male,Divorced,21,No,Travel_Rarely,Research & Development,Laboratory Technician,1,2,Technical Degree,2296,14,3,2,0,1,1,0,0,3,3,1,2,3,2,3,No,Far (16+ km),Early Career (18-28),Standard (11-14%),Low,High,Low
40,Male,Divorced,8,No,Non-Travel,Research & Development,Healthcare Representative,2,2,Life Sciences,4069,18,0,8,3,2,2,2,2,2,4,4,3,3,3,3,Yes,Moderate (6-15km),Mid Career (29-40),High (15-18%),Very High,None,Medium
45,Male,Divorced,1,No,Travel_Rarely,Research & Development,Healthcare Representative,3,4,Technical Degree,7441,12,3,10,1,10,8,7,7,4,1,2,3,3,1,3,No,Close (0-5km),Experienced (41+),Standard (11-14%),Medium,High,High
35,Female,Married,28,No,Travel_Rarely,Sales,Sales Representative,1,4,Life Sciences,2430,23,2,6,0,5,3,4,2,5,2,3,2,4,1,3,No,Far (16+ km),Mid Career (29-40),Top Tier (19-25%),High,Medium,Low
32,Female,Married,5,No,Travel_Rarely,Research & Development,Research Scientist,2,2,Life Sciences,5878,12,1,12,3,7,1,2,5,2,4,2,2,3,1,3,No,Close (0-5km),Mid Career (29-40),Standard (11-14%),Medium,Low,Medium
36,Male,Single,2,No,Travel_Rarely,Sales,Sales Representative,1,4,Life Sciences,2644,21,0,7,3,3,2,1,2,3,3,4,3,4,4,2,Yes,Close (0-5km),Mid Career (29-40),Top Tier (19-25%),Very High,None,Low
48,Female,Divorced,16,No,Travel_Rarely,Sales,Sales Executive,2,4,Life Sciences,6439,14,1,18,8,8,7,7,7,2,3,3,3,3,3,3,No,Far (16+ km),Experienced (41+),Standard (11-14%),High,Low,Medium
29,Male,Married,9,No,Travel_Rarely,Research & Development,Research Scientist,1,3,Life Sciences,2451,18,2,5,6,1,0,0,0,2,3,3,4,3,1,2,No,Moderate (6-15km),Mid Career (29-40),High (15-18%),High,Medium,Low
33,Male,Married,8,No,Travel_Rarely,Sales,Sales Executive,2,4,Life Sciences,6392,13,1,8,2,2,2,2,2,6,1,1,3,3,4,1,No,Moderate (6-15km),Mid Career (29-40),Standard (11-14%),Low,Low,Medium
30,Male,Married,1,Yes,Travel_Rarely,Sales,Sales Executive,2,3,Life Sciences,9714,11,1,10,1,10,8,6,7,4,2,1,2,3,4,3,No,Close (0-5km),Mid Career (29-40),Standard (11-14%),Low,Low,High
38,Male,Married,10,No,Travel_Frequently,Human Resources,Human Resources,2,4,Human Resources,6077,11,0,10,3,6,3,1,2,2,3,3,3,3,3,3,No,Moderate (6-15km),Mid Career (29-40),Standard (11-14%),High,None,Medium
35,Male,Single,1,No,Travel_Rarely,Research & Development,Laboratory Technician,1,3,Medical,2450,19,0,3,1,3,0,1,2,3,4,1,2,3,2,3,No,Close (0-5km),Mid Career (29-40),Top Tier (19-25%),Low,None,Low
30,Male,Married,29,No,Travel_Rarely,Sales,Sales Executive,3,4,Technical Degree,9250,12,1,9,3,4,2,1,3,3,3,2,3,3,2,3,No,Far (16+ km),Mid Career (29-40),Standard (11-14%),Medium,Low,High
35,Female,Divorced,2,Yes,Travel_Rarely,Research & Development,Laboratory Technician,1,3,Life Sciences,2074,12,1,1,1,1,0,0,0,2,1,1,3,3,4,3,Yes,Close (0-5km),Mid Career (29-40),Standard (11-14%),Low,Low,Low
53,Female,Married,2,Yes,Travel_Rarely,Research & Development,Manufacturing Director,3,5,Technical Degree,10169,16,1,34,0,33,7,1,9,4,3,4,2,3,2,3,No,Close (0-5km),Experienced (41+),High (15-18%),Very High,Low,High
38,Male,Married,2,Yes,Travel_Rarely,Research & Development,Manufacturing Director,2,3,Medical,4855,11,2,7,4,5,2,1,4,2,3,2,3,3,1,3,No,Close (0-5km),Mid Career (29-40),Standard (11-14%),Medium,Medium,Medium
32,Male,Married,1,No,Non-Travel,Research & Development,Research Scientist,2,4,Technical Degree,4087,14,1,9,4,6,5,1,2,3,4,1,3,3,2,2,No,Close (0-5km),Mid Career (29-40),Standard (11-14%),Low,Low,Medium
48,Female,Married,15,No,Travel_Rarely,Research & Development,Research Scientist,1,4,Other,2367,12,1,10,8,8,2,7,6,3,3,1,3,3,4,2,No,Moderate (6-15km),Experienced (41+),Standard (11-14%),Low,Low,Low
34,Male,Single,7,No,Travel_Rarely,Research & Development,Research Scientist,1,4,Medical,2972,13,0,1,1,1,0,0,0,4,1,4,3,3,3,1,No,Moderate (6-15km),Mid Career (29-40),Standard (11-14%),Very High,None,Low
55,Male,Married,26,No,Travel_Rarely,Sales,Manager,5,5,Marketing,19586,21,1,36,1,36,6,2,13,3,3,4,2,4,3,3,No,Far (16+ km),Experienced (41+),Top Tier (19-25%),Very High,Low,High
34,Male,Married,1,No,Travel_Rarely,Research & Development,Research Scientist,2,4,Life Sciences,5484,17,1,9,9,2,2,2,1,3,2,4,3,3,2,2,No,Close (0-5km),Mid Career (29-40),High (15-18%),Very High,Low,Medium
26,Female,Married,3,No,Travel_Rarely,Research & Development,Research Scientist,1,3,Life Sciences,2061,21,0,1,1,1,0,0,0,5,1,4,3,4,1,3,No,Close (0-5km),Early Career (18-28),Top Tier (19-25%),Very High,None,Low
38,Male,Married,14,No,Travel_Rarely,Sales,Sales Executive,2,3,Life Sciences,9924,11,1,10,0,9,8,7,7,3,3,2,3,3,4,3,No,Moderate (6-15km),Mid Career (29-40),Standard (11-14%),Medium,Low,High
38,Female,Single,16,No,Travel_Rarely,Sales,Sales Executive,2,3,Life Sciences,4198,12,0,8,2,3,2,1,2,5,2,2,3,3,2,4,No,Far (16+ km),Mid Career (29-40),Standard (11-14%),Medium,None,Medium
36,Female,Single,1,No,Travel_Rarely,Sales,Sales Executive,2,4,Life Sciences,6815,13,0,15,6,1,0,0,0,5,2,3,3,3,1,3,No,Close (0-5km),Mid Career (29-40),Standard (11-14%),High,None,High
29,Male,Single,3,No,Travel_Rarely,Research & Development,Laboratory Technician,1,1,Medical,4723,18,0,10,1,10,9,1,5,3,2,1,3,3,4,3,Yes,Close (0-5km),Mid Career (29-40),High (15-18%),Low,None,Medium
35,Female,Single,10,No,Travel_Rarely,Research & Development,Healthcare Representative,2,4,Medical,6142,16,0,10,3,5,2,0,4,4,1,3,3,3,3,3,Yes,Moderate (6-15km),Mid Career (29-40),High (15-18%),High,None,Medium
39,Male,Married,6,No,Travel_Rarely,Sales,Sales Executive,3,3,Medical,8237,11,1,11,2,7,6,7,6,3,4,3,4,3,1,3,No,Moderate (6-15km),Mid Career (29-40),Standard (11-14%),High,Low,High
29,Male,Divorced,2,No,Travel_Frequently,Research & Development,Healthcare Representative,2,1,Life Sciences,8853,19,1,6,1,6,4,1,3,0,1,4,3,3,4,4,No,Close (0-5km),Mid Career (29-40),Top Tier (19-25%),Very High,Low,High
50,Male,Married,9,No,Travel_Rarely,Sales,Manager,5,3,Marketing,19331,16,1,27,4,1,0,0,0,2,3,3,3,3,3,3,Yes,Moderate (6-15km),Experienced (41+),High (15-18%),High,Low,High
23,Male,Married,10,No,Travel_Rarely,Research & Development,Research Scientist,1,3,Technical Degree,2073,16,1,4,2,2,2,2,2,2,4,3,4,3,4,3,No,Moderate (6-15km),Early Career (18-28),High (15-18%),High,Low,Low
36,Male,Married,6,No,Travel_Frequently,Research & Development,Laboratory Technician,2,4,Life Sciences,5562,13,1,9,3,3,2,0,2,3,1,1,4,3,4,3,Yes,Moderate (6-15km),Mid Career (29-40),Standard (11-14%),Low,Low,Medium
42,Male,Single,9,No,Travel_Rarely,Research & Development,Manager,5,2,Other,19613,22,0,24,8,1,0,0,1,2,4,4,2,4,4,3,No,Moderate (6-15km),Experienced (41+),Top Tier (19-25%),Very High,None,High
35,Male,Married,28,No,Travel_Rarely,Research & Development,Laboratory Technician,2,3,Life Sciences,3407,17,2,10,1,10,9,6,8,3,2,3,4,3,4,2,No,Far (16+ km),Mid Career (29-40),High (15-18%),High,Medium,Low
34,Male,Married,10,No,Travel_Frequently,Research & Development,Healthcare Representative,2,4,Technical Degree,5063,14,1,8,1,8,2,7,7,3,4,3,2,3,2,2,No,Moderate (6-15km),Mid Career (29-40),Standard (11-14%),High,Low,Medium
40,Female,Married,14,No,Travel_Rarely,Sales,Sales Executive,2,2,Life Sciences,4639,15,1,5,1,5,4,1,2,2,4,1,3,3,3,3,No,Moderate (6-15km),Mid Career (29-40),High (15-18%),Low,Low,Medium
43,Male,Divorced,27,No,Travel_Rarely,Research & Development,Laboratory Technician,1,3,Technical Degree,4876,12,1,8,5,6,4,0,2,0,4,2,4,3,3,3,No,Far (16+ km),Experienced (41+),Standard (11-14%),Medium,Low,Medium
35,Male,Married,7,No,Travel_Rarely,Research & Development,Laboratory Technician,1,2,Life Sciences,2690,18,1,1,1,1,0,0,1,5,3,4,2,3,4,2,No,Moderate (6-15km),Mid Career (29-40),High (15-18%),Very High,Low,Low
46,Male,Single,1,No,Travel_Rarely,Sales,Manager,4,4,Life Sciences,17567,15,0,27,1,26,0,0,12,5,4,1,4,3,2,1,No,Close (0-5km),Experienced (41+),High (15-18%),Low,None,High
28,Male,Married,24,Yes,Travel_Rarely,Research & Development,Laboratory Technician,1,3,Medical,2408,17,3,1,1,1,1,0,0,3,3,2,3,3,3,3,Yes,Far (16+ km),Early Career (18-28),High (15-18%),Medium,High,Low
22,Female,Married,26,No,Non-Travel,Research & Development,Research Scientist,1,2,Other,2814,14,0,4,1,4,2,1,3,2,2,3,2,3,2,2,Yes,Far (16+ km),Early Career (18-28),Standard (11-14%),High,None,Low
50,Male,Married,20,No,Travel_Frequently,Research & Development,Healthcare Representative,4,5,Medical,11245,15,1,32,2,30,8,12,13,3,2,3,3,3,3,3,Yes,Far (16+ km),Experienced (41+),High (15-18%),High,Low,High
32,Female,Married,5,No,Travel_Rarely,Research & Development,Research Scientist,1,4,Other,3312,17,2,6,3,3,2,0,2,3,2,4,4,3,4,3,No,Close (0-5km),Mid Career (29-40),High (15-18%),Very High,Medium,Low
44,Female,Divorced,7,No,Travel_Rarely,Research & Development,Research Director,5,3,Medical,19049,14,1,23,0,22,7,1,10,4,2,4,3,3,4,2,Yes,Moderate (6-15km),Experienced (41+),Standard (11-14%),Very High,Low,High
30,Male,Married,7,No,Travel_Rarely,Research & Development,Research Scientist,1,3,Medical,2141,12,1,6,1,6,4,1,1,3,2,2,2,3,2,2,No,Moderate (6-15km),Mid Career (29-40),Standard (11-14%),Medium,Low,Low
45,Female,Single,5,No,Travel_Rarely,Research & Development,Laboratory Technician,2,5,Medical,5769,14,0,10,1,10,7,1,4,3,3,1,1,3,1,3,Yes,Close (0-5km),Experienced (41+),Standard (11-14%),Low,None,Medium
45,Male,Married,26,No,Non-Travel,Sales,Sales Executive,2,3,Marketing,4385,15,1,10,1,10,7,4,5,2,1,1,2,3,1,3,No,Far (16+ km),Experienced (41+),High (15-18%),Low,Low,Medium
31,Male,Single,2,No,Travel_Frequently,Sales,Sales Executive,2,4,Other,5332,13,0,10,7,5,2,0,3,3,4,1,3,3,4,3,No,Close (0-5km),Mid Career (29-40),Standard (11-14%),Low,None,Medium
36,Female,Married,12,No,Travel_Rarely,Research & Development,Manufacturing Director,2,4,Life Sciences,4663,12,2,7,9,3,2,1,1,2,3,3,3,3,2,3,Yes,Moderate (6-15km),Mid Career (29-40),Standard (11-14%),High,Medium,Medium
34,Male,Divorced,10,No,Travel_Frequently,Research & Development,Manufacturing Director,2,4,Life Sciences,4724,13,1,9,1,9,7,7,2,3,3,4,4,3,1,3,No,Moderate (6-15km),Mid Career (29-40),Standard (11-14%),Very High,Low,Medium
49,Female,Married,25,No,Travel_Rarely,Research & Development,Laboratory Technician,1,4,Life Sciences,3211,14,1,10,1,9,6,1,4,3,3,1,3,3,4,2,No,Far (16+ km),Experienced (41+),Standard (11-14%),Low,Low,Low
39,Male,Married,10,No,Travel_Rarely,Research & Development,Manufacturing Director,2,5,Medical,5377,13,3,10,2,7,7,7,7,3,2,1,3,3,4,3,No,Moderate (6-15km),Mid Career (29-40),Standard (11-14%),Low,High,Medium
27,Male,Divorced,19,No,Travel_Rarely,Research & Development,Laboratory Technician,1,3,Other,4066,11,2,7,1,7,7,0,7,3,4,1,2,3,1,3,No,Far (16+ km),Early Career (18-28),Standard (11-14%),Low,Medium,Medium
35,Male,Married,18,No,Travel_Rarely,Research & Development,Research Scientist,2,5,Life Sciences,5208,11,0,16,1,16,15,1,10,2,2,1,4,3,4,3,No,Far (16+ km),Mid Career (29-40),Standard (11-14%),Low,None,Medium
28,Female,Divorced,27,No,Travel_Rarely,Research & Development,Manufacturing Director,2,3,Medical,4877,21,1,6,0,5,3,0,0,5,2,1,1,4,2,2,No,Far (16+ km),Early Career (18-28),Top Tier (19-25%),Low,Low,Medium
21,Male,Single,5,No,Travel_Rarely,Research & Development,Research Scientist,1,1,Medical,3117,18,0,3,1,2,2,2,2,2,3,4,3,3,3,3,No,Close (0-5km),Early Career (18-28),High (15-18%),Very High,None,Low
18,Female,Single,3,Yes,Travel_Frequently,Sales,Sales Representative,1,2,Medical,1569,12,0,0,1,0,0,0,0,2,2,4,3,3,3,4,Yes,Close (0-5km),Early Career (18-28),Standard (11-14%),Very High,None,Low
47,Female,Married,26,No,Travel_Rarely,Human Resources,Manager,5,4,Life Sciences,19658,11,1,27,3,5,2,1,0,2,4,3,3,3,3,3,No,Far (16+ km),Experienced (41+),Standard (11-14%),High,Low,High
39,Male,Divorced,3,No,Travel_Rarely,Research & Development,Laboratory Technician,2,2,Medical,3069,15,1,11,0,10,8,0,7,3,3,3,2,3,4,3,No,Close (0-5km),Mid Career (29-40),High (15-18%),High,Low,Low
40,Female,Married,15,No,Travel_Rarely,Research & Development,Manufacturing Director,3,3,Life Sciences,10435,13,2,18,1,18,15,14,12,2,1,3,2,3,4,3,No,Moderate (6-15km),Mid Career (29-40),Standard (11-14%),High,Medium,High
35,Female,Married,8,No,Non-Travel,Research & Development,Healthcare Representative,2,4,Life Sciences,4148,12,1,15,1,14,11,2,9,5,3,3,3,3,4,3,No,Moderate (6-15km),Mid Career (29-40),Standard (11-14%),High,Low,Medium
37,Male,Married,19,No,Travel_Rarely,Research & Development,Manufacturing Director,2,3,Life Sciences,5768,17,3,9,3,4,3,0,2,2,3,3,3,3,1,2,No,Far (16+ km),Mid Career (29-40),High (15-18%),High,High,Medium
39,Female,Single,4,No,Travel_Frequently,Research & Development,Manufacturing Director,2,3,Medical,5042,13,0,10,0,9,2,3,8,2,1,3,3,3,4,1,No,Close (0-5km),Mid Career (29-40),Standard (11-14%),High,None,Medium
45,Female,Divorced,2,No,Travel_Rarely,Research & Development,Manufacturing Director,2,2,Other,5770,19,2,10,1,10,7,3,9,3,4,4,2,3,1,3,No,Close (0-5km),Experienced (41+),Top Tier (19-25%),Very High,Medium,Medium
38,Female,Married,2,No,Travel_Rarely,Research & Development,Manufacturing Director,3,2,Medical,7756,19,1,10,3,5,4,0,2,6,4,3,2,3,4,4,Yes,Close (0-5km),Mid Career (29-40),Top Tier (19-25%),High,Low,High
35,Male,Married,10,Yes,Travel_Rarely,Sales,Sales Executive,3,3,Medical,10306,17,0,15,9,13,12,6,0,3,4,1,2,3,3,3,No,Moderate (6-15km),Mid Career (29-40),High (15-18%),Low,None,High
37,Female,Married,10,No,Travel_Rarely,Research & Development,Research Scientist,1,3,Medical,3936,11,1,8,1,8,4,7,7,2,2,2,3,3,1,1,No,Moderate (6-15km),Mid Career (29-40),Standard (11-14%),Medium,Low,Medium
40,Female,Single,16,No,Travel_Rarely,Research & Development,Manufacturing Director,3,3,Life Sciences,7945,15,0,18,6,4,2,3,3,2,3,4,3,3,4,2,Yes,Far (16+ km),Mid Career (29-40),High (15-18%),Very High,None,High
44,Male,Married,1,No,Travel_Frequently,Human Resources,Human Resources,2,5,Human Resources,5743,11,0,14,4,10,7,0,2,3,1,4,3,3,3,3,Yes,Close (0-5km),Experienced (41+),Standard (11-14%),Very High,None,Medium
48,Male,Married,4,No,Travel_Frequently,Research & Development,Manager,4,5,Medical,15202,25,1,23,2,2,2,2,2,3,3,4,2,4,2,3,No,Close (0-5km),Experienced (41+),Top Tier (19-25%),Very High,Low,High
35,Male,Divorced,15,Yes,Travel_Rarely,Sales,Sales Executive,2,2,Medical,5440,14,2,7,6,2,2,2,2,2,1,4,1,3,4,2,Yes,Moderate (6-15km),Mid Career (29-40),Standard (11-14%),Very High,Medium,Medium
24,Female,Single,2,No,Travel_Frequently,Research & Development,Research Scientist,1,1,Technical Degree,3760,13,0,6,1,6,3,1,3,2,1,4,3,3,3,3,Yes,Close (0-5km),Early Career (18-28),Standard (11-14%),Very High,None,Medium
27,Female,Married,8,No,Travel_Rarely,Research & Development,Research Scientist,1,3,Medical,3517,17,0,5,7,3,2,0,2,0,2,3,4,3,1,3,No,Moderate (6-15km),Early Career (18-28),High (15-18%),High,None,Low
27,Male,Single,2,No,Travel_Frequently,Research & Development,Research Scientist,1,3,Medical,2580,13,0,6,2,4,2,1,2,0,4,4,3,3,3,2,No,Close (0-5km),Early Career (18-28),Standard (11-14%),Very High,None,Low
40,Male,Single,7,Yes,Travel_Rarely,Research & Development,Laboratory Technician,1,3,Life Sciences,2166,14,0,10,3,4,2,0,3,3,1,1,3,3,2,1,Yes,Moderate (6-15km),Mid Career (29-40),Standard (11-14%),Low,None,Low
29,Male,Single,10,No,Travel_Rarely,Sales,Sales Executive,2,3,Medical,5869,11,0,8,9,5,2,1,4,2,3,3,2,3,3,3,No,Moderate (6-15km),Mid Career (29-40),Standard (11-14%),High,None,Medium
36,Female,Married,5,No,Travel_Rarely,Research & Development,Healthcare Representative,3,4,Life Sciences,8008,12,2,9,4,3,2,0,2,6,2,1,3,3,3,3,No,Close (0-5km),Mid Career (29-40),Standard (11-14%),Low,Medium,High
25,Male,Divorced,2,No,Travel_Frequently,Research & Development,Manufacturing Director,2,1,Life Sciences,5206,17,2,7,1,7,7,0,7,6,4,3,4,3,3,3,No,Close (0-5km),Early Career (18-28),High (15-18%),High,Medium,Medium
39,Male,Married,12,No,Travel_Rarely,Research & Development,Manufacturing Director,2,3,Medical,5295,21,0,7,4,5,4,1,0,3,4,2,3,4,3,3,No,Moderate (6-15km),Mid Career (29-40),Top Tier (19-25%),Medium,None,Medium
49,Female,Married,22,No,Travel_Rarely,Research & Development,Research Director,4,4,Other,16413,16,2,27,3,4,2,1,2,2,1,2,3,3,2,3,No,Far (16+ km),Experienced (41+),High (15-18%),Medium,Medium,High
50,Female,Divorced,17,No,Travel_Rarely,Research & Development,Research Director,3,5,Life Sciences,13269,15,3,19,5,14,11,1,11,3,4,1,2,3,3,3,No,Far (16+ km),Experienced (41+),High (15-18%),Low,High,High
20,Female,Single,2,No,Travel_Rarely,Sales,Sales Representative,1,3,Medical,2783,19,0,2,1,2,2,2,2,3,3,3,3,3,1,3,No,Close (0-5km),Early Career (18-28),Top Tier (19-25%),High,None,Low
34,Female,Divorced,3,No,Travel_Rarely,Research & Development,Research Scientist,2,3,Life Sciences,5433,12,1,11,1,11,8,7,9,2,4,2,3,3,3,3,No,Close (0-5km),Mid Career (29-40),Standard (11-14%),Medium,Low,Medium
36,Male,Single,7,No,Travel_Rarely,Research & Development,Laboratory Technician,1,3,Life Sciences,2013,11,0,15,2,4,3,1,3,4,1,2,3,3,3,3,No,Moderate (6-15km),Mid Career (29-40),Standard (11-14%),Medium,None,Low
49,Female,Married,6,No,Travel_Rarely,Research & Development,Healthcare Representative,4,1,Life Sciences,13966,19,1,30,2,15,11,2,12,3,3,3,2,3,2,3,Yes,Moderate (6-15km),Experienced (41+),Top Tier (19-25%),High,Low,High
36,Female,Married,1,No,Non-Travel,Research & Development,Manufacturing Director,2,4,Medical,4374,15,0,4,0,3,2,1,2,6,4,3,2,3,3,3,No,Close (0-5km),Mid Career (29-40),High (15-18%),High,None,Medium
36,Male,Divorced,3,No,Travel_Rarely,Research & Development,Healthcare Representative,2,2,Life Sciences,6842,20,1,13,6,5,4,0,4,3,4,1,4,4,1,3,No,Close (0-5km),Mid Career (29-40),Top Tier (19-25%),Low,Low,High
54,Female,Married,22,No,Travel_Rarely,Research & Development,Manager,4,5,Medical,17426,25,1,36,3,10,8,4,7,6,2,3,3,4,3,3,No,Far (16+ km),Experienced (41+),Top Tier (19-25%),High,Low,High
43,Male,Married,15,No,Travel_Rarely,Research & Development,Research Director,4,2,Life Sciences,17603,24,1,14,1,14,10,6,11,3,3,3,2,4,1,3,No,Moderate (6-15km),Experienced (41+),Top Tier (19-25%),High,Low,High
35,Male,Single,12,Yes,Travel_Frequently,Sales,Sales Executive,2,4,Other,4581,24,0,13,3,11,9,6,7,2,4,4,3,4,1,4,Yes,Moderate (6-15km),Mid Career (29-40),Top Tier (19-25%),Very High,None,Medium
38,Male,Married,1,No,Travel_Frequently,Research & Development,Research Scientist,2,3,Life Sciences,4735,15,2,19,7,13,11,2,9,4,4,4,3,3,4,4,No,Close (0-5km),Mid Career (29-40),High (15-18%),Very High,Medium,Medium
29,Male,Divorced,5,No,Travel_Rarely,Sales,Sales Executive,2,3,Medical,4187,13,1,10,1,10,0,0,9,3,1,2,2,3,2,2,Yes,Close (0-5km),Mid Career (29-40),Standard (11-14%),Medium,Low,Medium
33,Male,Divorced,2,No,Travel_Rarely,Sales,Sales Executive,2,4,Medical,5505,14,2,6,1,6,2,0,4,5,4,4,3,3,3,3,No,Close (0-5km),Mid Career (29-40),Standard (11-14%),Very High,Medium,Medium
32,Male,Divorced,2,No,Travel_Rarely,Research & Development,Research Scientist,2,3,Medical,5470,13,2,10,0,9,5,1,6,4,4,2,3,3,3,2,No,Close (0-5km),Mid Career (29-40),Standard (11-14%),Medium,Medium,Medium
31,Female,Married,5,No,Travel_Rarely,Sales,Sales Executive,2,4,Life Sciences,5476,11,2,10,1,10,0,0,2,2,1,4,3,3,1,3,No,Close (0-5km),Mid Career (29-40),Standard (11-14%),Very High,Medium,Medium
49,Female,Divorced,16,No,Travel_Rarely,Research & Development,Laboratory Technician,1,3,Medical,2587,16,1,17,4,2,2,2,2,2,4,1,3,3,2,2,Yes,Far (16+ km),Experienced (41+),High (15-18%),Low,Low,Low
38,Female,Single,2,No,Travel_Frequently,Research & Development,Laboratory Technician,1,3,Medical,2440,22,0,4,1,4,3,3,3,3,4,2,2,4,2,3,No,Close (0-5km),Mid Career (29-40),Top Tier (19-25%),Medium,None,Low
47,Female,Divorced,2,No,Travel_Rarely,Sales,Manager,4,4,Life Sciences,15972,14,3,29,6,3,2,1,2,2,2,2,4,3,3,3,No,Close (0-5km),Experienced (41+),Standard (11-14%),Medium,High,High
49,Male,Single,1,No,Travel_Rarely,Research & Development,Manager,4,3,Life Sciences,15379,14,0,23,4,8,7,0,0,2,3,3,3,3,1,3,No,Close (0-5km),Experienced (41+),Standard (11-14%),High,None,High
41,Male,Single,23,No,Travel_Rarely,Sales,Sales Executive,3,2,Life Sciences,7082,16,0,21,3,2,0,0,2,2,4,3,3,3,4,3,Yes,Far (16+ km),Experienced (41+),High (15-18%),High,None,High
20,Male,Single,9,No,Travel_Rarely,Sales,Sales Representative,1,1,Life Sciences,2728,11,0,2,1,2,2,0,2,3,4,1,3,3,1,3,No,Moderate (6-15km),Early Career (18-28),Standard (11-14%),Low,None,Low
33,Female,Divorced,16,No,Non-Travel,Sales,Sales Executive,2,3,Life Sciences,5368,25,1,7,1,6,5,1,2,2,3,4,3,4,3,3,Yes,Far (16+ km),Mid Career (29-40),Top Tier (19-25%),Very High,Low,Medium
36,Male,Married,26,No,Travel_Rarely,Research & Development,Healthcare Representative,2,4,Life Sciences,5347,14,2,10,6,3,2,0,2,2,1,3,3,3,2,2,No,Far (16+ km),Mid Career (29-40),Standard (11-14%),High,Medium,Medium
44,Female,Divorced,1,No,Travel_Rarely,Human Resources,Human Resources,1,3,Life Sciences,3195,18,3,8,4,2,2,2,2,2,3,4,3,3,1,3,Yes,Close (0-5km),Experienced (41+),High (15-18%),Very High,High,Low
23,Male,Single,8,Yes,Travel_Rarely,Research & Development,Laboratory Technician,1,1,Medical,3989,11,0,5,1,5,4,1,2,2,4,3,2,3,1,3,Yes,Moderate (6-15km),Early Career (18-28),Standard (11-14%),High,None,Medium
38,Female,Married,4,No,Travel_Rarely,Research & Development,Laboratory Technician,1,2,Medical,3306,19,1,7,7,0,0,0,0,5,4,3,3,3,4,2,No,Close (0-5km),Mid Career (29-40),Top Tier (19-25%),High,Low,Low
53,Male,Married,24,No,Travel_Rarely,Research & Development,Healthcare Representative,3,4,Medical,7005,15,0,11,3,4,3,1,2,2,2,4,4,3,3,3,No,Far (16+ km),Experienced (41+),High (15-18%),Very High,None,High
48,Female,Married,7,Yes,Travel_Frequently,Sales,Sales Representative,1,2,Medical,2655,11,2,19,2,9,7,7,7,3,4,3,3,3,3,3,Yes,Moderate (6-15km),Experienced (41+),Standard (11-14%),High,Medium,Low
32,Male,Single,2,Yes,Travel_Rarely,Research & Development,Laboratory Technician,1,4,Life Sciences,1393,12,0,1,1,1,0,0,0,2,4,2,3,3,1,3,No,Close (0-5km),Mid Career (29-40),Standard (11-14%),Medium,None,Low
26,Male,Single,7,No,Non-Travel,Research & Development,Laboratory Technician,1,3,Medical,2570,20,0,7,1,7,7,5,7,5,4,4,3,4,3,3,No,Moderate (6-15km),Early Career (18-28),Top Tier (19-25%),Very High,None,Low
55,Male,Divorced,22,No,Travel_Rarely,Research & Development,Research Scientist,1,3,Technical Degree,3537,12,1,8,5,4,2,1,2,1,1,2,2,3,4,3,No,Far (16+ km),Experienced (41+),Standard (11-14%),Medium,Low,Low
34,Male,Married,5,No,Travel_Rarely,Research & Development,Laboratory Technician,2,2,Medical,3986,14,1,15,1,15,10,4,13,3,2,4,2,3,3,4,No,Close (0-5km),Mid Career (29-40),Standard (11-14%),Very High,Low,Medium
60,Male,Divorced,1,No,Travel_Rarely,Research & Development,Healthcare Representative,3,4,Medical,10883,20,1,19,3,1,0,0,0,2,3,4,1,4,3,4,No,Close (0-5km),Experienced (41+),Top Tier (19-25%),Very High,Low,High
33,Male,Married,21,No,Travel_Rarely,Research & Development,Laboratory Technician,1,3,Medical,2028,18,3,14,1,14,11,2,13,6,2,2,4,3,4,3,No,Far (16+ km),Mid Career (29-40),High (15-18%),Medium,High,Low
37,Male,Divorced,1,No,Travel_Frequently,Sales,Sales Executive,2,4,Medical,9525,14,2,6,1,6,3,1,3,2,3,4,1,3,3,2,No,Close (0-5km),Mid Career (29-40),Standard (11-14%),Very High,Medium,High
34,Female,Married,19,No,Travel_Rarely,Research & Development,Research Scientist,1,3,Life Sciences,2929,12,0,10,1,10,9,8,7,3,2,4,2,3,2,3,No,Far (16+ km),Mid Career (29-40),Standard (11-14%),Very High,None,Low
23,Male,Divorced,7,Yes,Travel_Rarely,Sales,Sales Representative,1,3,Life Sciences,2275,21,1,3,1,3,2,0,2,2,3,4,3,4,2,3,Yes,Moderate (6-15km),Early Career (18-28),Top Tier (19-25%),Very High,Low,Low
44,Female,Married,2,No,Travel_Rarely,Research & Development,Healthcare Representative,3,3,Life Sciences,7879,19,1,9,1,8,7,6,7,2,3,4,4,3,2,3,Yes,Close (0-5km),Experienced (41+),Top Tier (19-25%),Very High,Low,High
35,Male,Single,2,No,Travel_Frequently,Research & Development,Research Scientist,1,4,Medical,4930,14,0,6,0,5,4,1,4,2,1,4,2,3,3,4,Yes,Close (0-5km),Mid Career (29-40),Standard (11-14%),Very High,None,Medium
43,Male,Married,2,No,Travel_Rarely,Sales,Sales Executive,2,3,Medical,7847,17,1,10,1,10,9,8,8,3,4,4,3,3,1,3,Yes,Close (0-5km),Experienced (41+),High (15-18%),Very High,Low,High
24,Male,Married,9,No,Travel_Rarely,Research & Development,Research Scientist,1,3,Medical,4401,16,1,5,1,5,3,0,4,1,3,3,4,3,4,3,No,Moderate (6-15km),Early Career (18-28),High (15-18%),High,Low,Medium
41,Male,Single,6,No,Travel_Rarely,Sales,Sales Executive,3,3,Marketing,9241,12,0,10,1,10,8,8,7,3,4,3,3,3,2,3,No,Moderate (6-15km),Experienced (41+),Standard (11-14%),High,None,High
29,Female,Married,9,No,Travel_Rarely,Research & Development,Laboratory Technician,1,4,Medical,2974,17,1,9,9,5,3,1,2,2,4,3,3,3,3,3,No,Moderate (6-15km),Mid Career (29-40),High (15-18%),High,Low,Low
36,Female,Single,2,No,Travel_Rarely,Sales,Sales Representative,2,4,Life Sciences,4502,15,0,17,3,13,7,6,7,2,3,4,3,3,3,2,No,Close (0-5km),Mid Career (29-40),High (15-18%),Very High,None,Medium
45,Male,Married,1,No,Non-Travel,Research & Development,Healthcare Representative,3,1,Life Sciences,10748,23,1,25,3,23,15,14,4,3,3,3,2,4,4,2,No,Close (0-5km),Experienced (41+),Top Tier (19-25%),High,Low,High
24,Male,Married,22,Yes,Travel_Rarely,Human Resources,Human Resources,1,1,Human Resources,1555,11,1,1,1,1,0,0,0,2,4,3,1,3,3,3,No,Far (16+ km),Early Career (18-28),Standard (11-14%),High,Low,Low
47,Male,Married,9,Yes,Travel_Frequently,Sales,Sales Executive,4,3,Life Sciences,12936,11,0,25,7,23,5,14,10,3,3,3,1,3,3,1,No,Moderate (6-15km),Experienced (41+),Standard (11-14%),High,None,High
26,Male,Married,17,No,Travel_Rarely,Research & Development,Laboratory Technician,1,4,Medical,2305,15,3,3,1,3,2,0,2,3,4,3,1,3,3,4,No,Far (16+ km),Early Career (18-28),High (15-18%),High,High,Low
45,Female,Single,28,No,Travel_Rarely,Research & Development,Research Director,4,2,Technical Degree,16704,11,0,21,1,21,6,8,6,2,4,2,2,3,3,3,No,Far (16+ km),Experienced (41+),Standard (11-14%),Medium,None,High
32,Male,Married,10,No,Travel_Frequently,Research & Development,Research Scientist,1,3,Life Sciences,3433,13,1,10,6,5,2,1,3,3,1,3,3,3,1,2,No,Moderate (6-15km),Mid Career (29-40),Standard (11-14%),High,Low,Low
31,Male,Married,2,No,Travel_Rarely,Research & Development,Laboratory Technician,1,4,Life Sciences,3477,14,1,6,1,5,2,0,3,2,2,3,3,3,4,4,No,Close (0-5km),Mid Career (29-40),Standard (11-14%),High,Low,Low
41,Male,Married,4,No,Non-Travel,Human Resources,Human Resources,2,3,Human Resources,6430,19,1,10,6,3,2,1,2,4,3,2,1,3,2,3,No,Close (0-5km),Experienced (41+),Top Tier (19-25%),Medium,Low,Medium
40,Female,Married,8,No,Travel_Rarely,Research & Development,Manufacturing Director,2,2,Life Sciences,6516,16,1,18,2,1,0,0,0,3,2,1,3,3,2,3,Yes,Moderate (6-15km),Mid Career (29-40),High (15-18%),Low,Low,Medium
24,Male,Divorced,29,No,Travel_Rarely,Research & Development,Laboratory Technician,1,1,Medical,3907,13,3,6,1,6,2,1,2,2,2,1,3,3,2,4,No,Far (16+ km),Early Career (18-28),Standard (11-14%),Low,High,Medium
46,Male,Single,13,No,Travel_Rarely,Research & Development,Healthcare Representative,2,4,Life Sciences,5562,14,0,19,6,10,7,0,9,3,3,2,3,3,4,3,No,Moderate (6-15km),Experienced (41+),Standard (11-14%),Medium,None,Medium
35,Male,Married,27,No,Travel_Rarely,Research & Development,Manufacturing Director,2,4,Life Sciences,6883,16,1,17,2,7,7,0,7,3,4,3,3,3,2,3,No,Far (16+ km),Mid Career (29-40),High (15-18%),High,Low,High
30,Male,Married,16,No,Travel_Rarely,Research & Development,Research Scientist,1,1,Life Sciences,2862,12,1,10,1,10,0,0,8,2,2,4,3,3,2,2,No,Far (16+ km),Mid Career (29-40),Standard (11-14%),Very High,Low,Low
47,Male,Married,2,No,Non-Travel,Sales,Sales Executive,2,4,Marketing,4978,11,1,4,7,1,0,0,0,3,3,2,3,3,4,1,No,Close (0-5km),Experienced (41+),Standard (11-14%),Medium,Low,Medium
46,Male,Divorced,2,No,Travel_Rarely,Sales,Sales Executive,3,3,Life Sciences,10368,12,1,13,4,10,6,0,3,5,3,4,3,3,2,2,Yes,Close (0-5km),Experienced (41+),Standard (11-14%),Very High,Low,High
36,Male,Divorced,13,Yes,Travel_Rarely,Sales,Sales Executive,2,5,Marketing,6134,13,3,16,5,2,2,2,2,3,2,1,2,3,2,3,Yes,Moderate (6-15km),Mid Career (29-40),Standard (11-14%),Low,High,Medium
32,Male,Single,1,Yes,Travel_Rarely,Sales,Sales Executive,2,2,Life Sciences,6735,15,0,10,6,0,0,0,0,2,1,2,1,3,2,3,No,Close (0-5km),Mid Career (29-40),High (15-18%),Medium,None,High
23,Female,Single,4,No,Travel_Rarely,Research & Development,Laboratory Technician,1,1,Medical,3295,13,0,3,1,3,2,1,2,3,3,2,3,3,3,1,No,Close (0-5km),Early Career (18-28),Standard (11-14%),Medium,None,Low
31,Female,Single,24,No,Travel_Frequently,Research & Development,Manufacturing Director,2,1,Technical Degree,5238,20,0,9,2,5,4,1,4,3,4,4,3,4,4,2,No,Far (16+ km),Mid Career (29-40),Top Tier (19-25%),Very High,None,Medium
39,Male,Married,1,No,Non-Travel,Research & Development,Laboratory Technician,2,3,Life Sciences,6472,15,1,9,1,9,8,5,8,2,4,4,3,3,4,3,Yes,Close (0-5km),Mid Career (29-40),High (15-18%),Very High,Low,Medium
32,Male,Married,19,No,Travel_Rarely,Sales,Sales Executive,3,3,Life Sciences,9610,13,1,10,3,4,3,0,2,2,4,3,1,3,3,1,No,Far (16+ km),Mid Career (29-40),Standard (11-14%),High,Low,High
40,Male,Single,7,No,Travel_Rarely,Sales,Manager,5,4,Medical,19833,14,0,21,1,21,8,12,8,3,2,2,3,3,2,2,No,Moderate (6-15km),Mid Career (29-40),Standard (11-14%),Medium,None,High
45,Female,Married,4,No,Travel_Rarely,Human Resources,Human Resources,3,3,Life Sciences,9756,21,2,9,4,5,0,0,3,2,3,3,1,4,3,4,No,Close (0-5km),Experienced (41+),Top Tier (19-25%),High,Medium,High
30,Female,Single,2,No,Travel_Frequently,Research & Development,Research Scientist,1,4,Technical Degree,4968,16,0,10,0,9,7,0,7,2,4,1,2,3,4,3,No,Close (0-5km),Mid Career (29-40),High (15-18%),Low,None,Medium
24,Male,Married,10,No,Travel_Frequently,Human Resources,Human Resources,1,3,Medical,2145,14,1,3,0,2,2,2,1,2,1,4,3,3,4,3,No,Moderate (6-15km),Early Career (18-28),Standard (11-14%),Very High,Low,Low
30,Female,Divorced,8,Yes,Travel_Frequently,Human Resources,Human Resources,1,3,Human Resources,2180,11,1,6,6,4,2,1,2,0,3,4,2,3,3,2,No,Moderate (6-15km),Mid Career (29-40),Standard (11-14%),Very High,Low,Low
31,Male,Married,5,No,Travel_Rarely,Sales,Sales Executive,2,3,Technical Degree,8346,19,1,6,1,5,2,0,2,3,1,3,3,3,3,3,No,Close (0-5km),Mid Career (29-40),Top Tier (19-25%),High,Low,High
27,Female,Single,8,No,Travel_Rarely,Research & Development,Research Scientist,1,3,Medical,3445,11,0,6,1,6,2,1,4,5,3,4,3,3,3,2,No,Moderate (6-15km),Early Career (18-28),Standard (11-14%),Very High,None,Low
29,Female,Single,9,Yes,Travel_Rarely,Sales,Sales Representative,1,3,Marketing,2760,13,0,2,1,2,2,2,2,3,2,2,1,3,3,3,No,Moderate (6-15km),Mid Career (29-40),Standard (11-14%),Medium,None,Low
29,Male,Single,1,No,Travel_Frequently,Research & Development,Healthcare Representative,2,3,Life Sciences,6294,12,0,10,8,3,2,0,2,5,4,3,4,3,4,4,Yes,Close (0-5km),Mid Career (29-40),Standard (11-14%),High,None,Medium
30,Male,Divorced,15,No,Travel_Rarely,Sales,Sales Executive,3,2,Marketing,7140,11,1,12,2,7,7,1,7,2,3,1,2,3,1,3,No,Moderate (6-15km),Mid Career (29-40),Standard (11-14%),Low,Low,High
34,Male,Married,2,No,Travel_Rarely,Research & Development,Research Scientist,1,4,Medical,2932,14,3,6,0,5,0,1,2,3,4,4,4,3,1,3,Yes,Close (0-5km),Mid Career (29-40),Standard (11-14%),Very High,High,Low
33,Female,Single,2,No,Non-Travel,Sales,Sales Executive,2,3,Marketing,5147,15,0,13,8,11,7,1,7,2,4,2,3,3,4,2,No,Close (0-5km),Mid Career (29-40),High (15-18%),Medium,None,Medium
49,Female,Single,11,No,Travel_Rarely,Sales,Sales Executive,2,4,Marketing,4507,12,0,8,3,5,1,0,4,1,4,4,3,3,3,4,No,Moderate (6-15km),Experienced (41+),Standard (11-14%),Very High,None,Medium
33,Female,Single,16,Yes,Travel_Rarely,Sales,Sales Executive,3,3,Life Sciences,8564,20,0,11,2,0,0,0,0,2,1,1,3,4,3,2,Yes,Far (16+ km),Mid Career (29-40),Top Tier (19-25%),Low,None,High
38,Female,Married,2,No,Travel_Frequently,Research & Development,Laboratory Technician,1,2,Medical,2468,14,1,9,4,6,1,0,5,4,3,2,2,3,2,2,No,Close (0-5km),Mid Career (29-40),Standard (11-14%),Medium,Low,Low
31,Male,Married,16,Yes,Travel_Rarely,Sales,Sales Executive,3,4,Marketing,8161,13,3,10,2,1,0,0,0,2,1,3,3,3,1,3,No,Far (16+ km),Mid Career (29-40),Standard (11-14%),High,High,High
29,Female,Divorced,4,No,Travel_Rarely,Research & Development,Research Scientist,1,3,Technical Degree,2109,13,1,1,1,1,0,0,0,2,4,1,2,3,3,3,No,Close (0-5km),Mid Career (29-40),Standard (11-14%),Low,Low,Low
30,Male,Married,16,No,Travel_Rarely,Research & Development,Healthcare Representative,2,3,Life Sciences,5294,16,1,10,3,7,0,1,7,3,3,3,4,3,3,3,No,Far (16+ km),Mid Career (29-40),High (15-18%),High,Low,Medium
32,Male,Single,5,No,Non-Travel,Research & Development,Research Scientist,1,4,Technical Degree,2718,14,0,12,2,7,7,0,7,3,2,2,3,3,2,3,No,Close (0-5km),Mid Career (29-40),Standard (11-14%),Medium,None,Low
38,Male,Married,18,No,Travel_Rarely,Research & Development,Healthcare Representative,2,3,Medical,5811,16,1,15,3,1,0,1,0,2,2,4,1,3,3,3,Yes,Far (16+ km),Mid Career (29-40),High (15-18%),Very High,Low,Medium
43,Male,Married,17,Yes,Travel_Frequently,Research & Development,Research Scientist,1,3,Technical Degree,2437,16,1,6,9,1,0,0,0,4,3,3,2,3,4,3,Yes,Far (16+ km),Experienced (41+),High (15-18%),High,Low,Low
42,Male,Divorced,12,No,Travel_Rarely,Research & Development,Laboratory Technician,1,3,Medical,2766,22,3,7,8,5,3,0,4,6,2,2,3,4,2,2,No,Moderate (6-15km),Experienced (41+),Top Tier (19-25%),Medium,High,Low
55,Male,Married,2,No,Travel_Rarely,Research & Development,Research Director,5,3,Medical,19038,12,3,34,8,1,0,0,0,2,3,1,2,3,2,3,No,Close (0-5km),Experienced (41+),Standard (11-14%),Low,High,High
33,Male,Divorced,4,No,Non-Travel,Research & Development,Research Scientist,2,3,Technical Degree,3055,15,2,11,5,9,8,1,7,2,4,2,3,3,4,2,No,Close (0-5km),Mid Career (29-40),High (15-18%),Medium,Medium,Low
41,Male,Divorced,9,No,Travel_Rarely,Research & Development,Laboratory Technician,1,4,Life Sciences,2289,20,2,5,1,5,3,0,4,2,3,1,3,4,2,3,No,Moderate (6-15km),Experienced (41+),Top Tier (19-25%),Low,Medium,Low
34,Male,Divorced,10,No,Non-Travel,Sales,Sales Executive,2,3,Life Sciences,4001,14,1,15,1,15,14,0,7,3,4,3,3,3,3,3,Yes,Moderate (6-15km),Mid Career (29-40),Standard (11-14%),High,Low,Medium
53,Female,Married,1,No,Non-Travel,Research & Development,Manufacturing Director,4,4,Medical,12965,20,3,27,4,3,2,0,2,2,1,3,2,4,4,2,Yes,Close (0-5km),Experienced (41+),Top Tier (19-25%),High,High,High
43,Male,Single,2,No,Travel_Rarely,Human Resources,Human Resources,1,3,Life Sciences,3539,13,0,10,0,9,7,1,8,5,2,4,3,3,2,3,No,Close (0-5km),Experienced (41+),Standard (11-14%),Very High,None,Low
34,Female,Single,3,No,Travel_Rarely,Sales,Sales Executive,2,2,Life Sciences,6029,12,0,6,5,2,2,2,2,3,4,4,1,3,1,3,No,Close (0-5km),Mid Career (29-40),Standard (11-14%),Very High,None,Medium
21,Male,Single,7,Yes,Travel_Rarely,Sales,Sales Representative,1,1,Marketing,2679,13,0,1,1,1,0,1,0,3,2,2,3,3,2,3,No,Moderate (6-15km),Early Career (18-28),Standard (11-14%),Medium,None,Low
38,Female,Married,6,No,Travel_Rarely,Research & Development,Laboratory Technician,1,2,Other,3702,11,1,5,1,5,4,0,4,3,4,3,2,3,2,3,No,Moderate (6-15km),Mid Career (29-40),Standard (11-14%),High,Low,Medium
22,Female,Married,8,Yes,Travel_Rarely,Research & Development,Laboratory Technician,1,1,Medical,2398,17,0,1,1,1,0,0,0,6,3,1,3,3,3,3,Yes,Moderate (6-15km),Early Career (18-28),High (15-18%),Low,None,Low
31,Female,Married,29,No,Travel_Rarely,Sales,Sales Executive,2,4,Marketing,5468,14,2,13,1,12,7,5,7,3,1,4,2,3,1,3,No,Far (16+ km),Mid Career (29-40),Standard (11-14%),Very High,Medium,Medium
51,Female,Married,3,No,Travel_Rarely,Research & Development,Manager,3,3,Technical Degree,13116,11,0,15,2,2,2,2,2,2,1,3,3,3,4,3,No,Close (0-5km),Experienced (41+),Standard (11-14%),High,None,High
37,Male,Married,9,No,Travel_Rarely,Sales,Sales Executive,2,2,Marketing,4189,14,2,5,1,5,2,0,3,2,2,2,2,3,1,3,No,Moderate (6-15km),Mid Career (29-40),Standard (11-14%),Medium,Medium,Medium
46,Male,Divorced,2,No,Travel_Rarely,Research & Development,Research Director,5,4,Medical,19328,17,1,24,7,2,1,2,2,3,3,4,3,3,3,3,Yes,Close (0-5km),Experienced (41+),High (15-18%),Very High,Low,High
36,Male,Married,10,No,Travel_Rarely,Research & Development,Healthcare Representative,3,3,Life Sciences,8321,13,1,15,7,12,8,5,7,1,4,1,3,3,4,3,Yes,Moderate (6-15km),Mid Career (29-40),Standard (11-14%),Low,Low,High
44,Male,Divorced,1,Yes,Travel_Frequently,Research & Development,Research Scientist,1,2,Medical,2342,12,3,6,1,5,3,2,3,2,3,2,3,3,3,2,Yes,Close (0-5km),Experienced (41+),Standard (11-14%),Medium,High,Low
37,Male,Divorced,8,No,Travel_Rarely,Human Resources,Human Resources,2,2,Other,4071,13,0,19,2,10,0,4,7,4,3,2,3,3,3,2,No,Moderate (6-15km),Mid Career (29-40),Standard (11-14%),Medium,None,Medium
35,Male,Single,27,Yes,Travel_Rarely,Sales,Sales Executive,2,3,Life Sciences,5813,18,0,10,1,10,7,7,7,2,3,4,3,3,4,3,Yes,Far (16+ km),Mid Career (29-40),High (15-18%),Very High,None,Medium
33,Male,Married,8,No,Travel_Rarely,Research & Development,Research Scientist,1,4,Life Sciences,3143,19,1,14,6,10,8,7,6,1,4,1,4,3,2,3,No,Moderate (6-15km),Mid Career (29-40),Top Tier (19-25%),Low,Low,Low
28,Male,Married,1,No,Travel_Rarely,Research & Development,Research Scientist,1,3,Life Sciences,2044,11,1,5,1,5,3,0,3,6,3,4,3,3,3,4,No,Close (0-5km),Early Career (18-28),Standard (11-14%),Very High,Low,Low
39,Male,Single,10,No,Travel_Rarely,Research & Development,Research Director,3,1,Medical,13464,21,0,9,7,4,3,2,2,3,3,3,3,4,3,3,No,Moderate (6-15km),Mid Career (29-40),Top Tier (19-25%),High,None,High
46,Male,Single,26,No,Non-Travel,Sales,Sales Executive,2,2,Life Sciences,7991,15,0,6,8,2,2,2,2,3,2,2,2,3,3,3,No,Far (16+ km),Experienced (41+),High (15-18%),Medium,None,High
40,Female,Married,2,No,Travel_Rarely,Research & Development,Laboratory Technician,1,2,Life Sciences,3377,17,1,7,4,4,3,0,2,5,3,1,3,3,4,2,No,Close (0-5km),Mid Career (29-40),High (15-18%),Low,Low,Low
42,Male,Married,13,No,Travel_Rarely,Research & Development,Healthcare Representative,2,3,Medical,5538,18,2,10,5,0,0,0,0,2,2,1,4,3,3,2,No,Moderate (6-15km),Experienced (41+),High (15-18%),Low,Medium,Medium
35,Male,Divorced,2,No,Non-Travel,Research & Development,Manufacturing Director,2,2,Medical,5762,14,1,15,2,7,7,1,7,6,2,4,3,3,3,3,No,Close (0-5km),Mid Career (29-40),Standard (11-14%),Very High,Low,Medium
38,Male,Divorced,2,No,Non-Travel,Human Resources,Human Resources,1,3,Human Resources,2592,13,3,13,5,11,10,3,8,3,1,2,3,3,4,3,No,Close (0-5km),Mid Career (29-40),Standard (11-14%),Medium,High,Low
34,Male,Married,9,Yes,Travel_Frequently,Research & Development,Laboratory Technician,2,4,Life Sciences,5346,17,1,11,4,7,1,0,7,3,4,1,3,3,3,2,No,Moderate (6-15km),Mid Career (29-40),High (15-18%),Low,Low,Medium
37,Male,Single,10,Yes,Travel_Rarely,Research & Development,Manufacturing Director,2,4,Medical,4213,15,0,10,1,10,3,0,8,4,4,1,3,3,2,1,No,Moderate (6-15km),Mid Career (29-40),High (15-18%),Low,None,Medium
39,Male,Divorced,20,No,Travel_Frequently,Sales,Sales Executive,2,3,Life Sciences,4127,18,1,7,2,2,1,2,2,6,3,4,3,3,4,3,No,Far (16+ km),Mid Career (29-40),High (15-18%),Very High,Low,Medium
43,Male,Single,9,No,Non-Travel,Research & Development,Research Scientist,1,3,Life Sciences,2438,13,0,7,4,3,2,1,2,2,1,3,3,3,3,2,No,Moderate (6-15km),Experienced (41+),Standard (11-14%),High,None,Low
41,Male,Single,5,No,Travel_Rarely,Research & Development,Healthcare Representative,2,3,Life Sciences,6870,12,0,11,3,3,2,1,2,3,2,2,4,3,1,1,No,Close (0-5km),Experienced (41+),Standard (11-14%),Medium,None,High
41,Female,Divorced,4,No,Travel_Rarely,Sales,Sales Executive,3,1,Marketing,10447,13,1,23,0,22,14,13,5,3,3,3,3,3,4,4,Yes,Close (0-5km),Experienced (41+),Standard (11-14%),High,Low,High
30,Female,Single,10,No,Travel_Rarely,Research & Development,Manufacturing Director,3,3,Medical,9667,14,0,9,9,7,7,0,2,3,1,3,3,3,2,3,No,Moderate (6-15km),Mid Career (29-40),Standard (11-14%),High,None,High
26,Female,Married,20,Yes,Travel_Rarely,Human Resources,Human Resources,1,2,Medical,2148,11,0,6,0,5,1,1,4,3,4,2,3,3,3,3,Yes,Far (16+ km),Early Career (18-28),Standard (11-14%),Medium,None,Low
46,Female,Married,21,Yes,Travel_Rarely,Research & Development,Healthcare Representative,2,2,Medical,8926,22,1,13,4,9,7,3,7,2,4,2,3,4,4,4,No,Far (16+ km),Experienced (41+),Top Tier (19-25%),Medium,Low,High
40,Female,Divorced,1,No,Travel_Rarely,Research & Development,Healthcare Representative,2,3,Life Sciences,6513,17,1,12,4,5,3,0,3,3,3,4,3,3,4,3,No,Close (0-5km),Mid Career (29-40),High (15-18%),Very High,Low,Medium
34,Male,Married,8,No,Travel_Rarely,Sales,Sales Executive,2,2,Technical Degree,6799,21,2,10,1,10,8,4,8,5,2,3,4,4,3,3,No,Moderate (6-15km),Mid Career (29-40),Top Tier (19-25%),High,Medium,High
58,Male,Divorced,2,No,Non-Travel,Sales,Manager,4,3,Medical,16291,22,1,37,4,16,9,14,14,0,2,2,3,4,4,2,No,Close (0-5km),Experienced (41+),Top Tier (19-25%),Medium,Low,High
35,Male,Married,23,No,Travel_Rarely,Research & Development,Laboratory Technician,1,4,Medical,2705,16,1,6,0,5,4,0,3,2,2,3,1,3,2,4,No,Far (16+ km),Mid Career (29-40),High (15-18%),High,Low,Low
47,Female,Divorced,4,No,Travel_Rarely,Research & Development,Manufacturing Director,3,3,Life Sciences,10333,12,1,28,8,22,11,14,10,4,3,2,2,3,3,3,Yes,Close (0-5km),Experienced (41+),Standard (11-14%),Medium,Low,High
40,Female,Divorced,12,No,Travel_Rarely,Research & Development,Healthcare Representative,2,3,Life Sciences,4448,12,1,15,2,7,4,7,7,3,2,1,3,3,2,3,No,Moderate (6-15km),Mid Career (29-40),Standard (11-14%),Low,Low,Medium
54,Female,Married,7,No,Travel_Rarely,Research & Development,Research Scientist,2,4,Medical,6854,15,1,14,4,7,1,1,7,2,4,4,3,3,2,2,No,Moderate (6-15km),Experienced (41+),High (15-18%),Very High,Low,High
31,Female,Married,7,No,Travel_Frequently,Sales,Sales Executive,3,4,Marketing,9637,14,2,9,2,3,2,2,2,3,1,1,3,3,4,3,No,Moderate (6-15km),Mid Career (29-40),Standard (11-14%),Low,Medium,High
28,Female,Married,1,No,Travel_Rarely,Research & Development,Research Scientist,1,3,Medical,3591,25,1,3,1,3,2,1,2,3,3,1,3,4,3,3,No,Close (0-5km),Early Career (18-28),Top Tier (19-25%),Low,Low,Low
38,Female,Married,2,No,Travel_Rarely,Sales,Sales Representative,2,4,Marketing,5405,20,2,20,2,4,2,0,3,4,2,4,1,4,1,2,Yes,Close (0-5km),Mid Career (29-40),Top Tier (19-25%),Very High,Medium,Medium
26,Male,Single,10,No,Travel_Rarely,Sales,Sales Executive,2,3,Medical,4684,13,0,5,1,5,3,1,2,4,3,4,3,3,1,3,No,Moderate (6-15km),Early Career (18-28),Standard (11-14%),Very High,None,Medium
58,Male,Married,15,No,Travel_Frequently,Research & Development,Research Director,4,4,Life Sciences,15787,14,0,23,2,2,2,2,2,3,1,3,3,3,2,3,Yes,Moderate (6-15km),Experienced (41+),Standard (11-14%),High,None,High
18,Female,Single,14,No,Non-Travel,Research & Development,Research Scientist,1,3,Medical,1514,16,0,0,1,0,0,0,0,4,2,3,3,3,3,1,No,Moderate (6-15km),Early Career (18-28),High (15-18%),High,None,Low
31,Male,Married,18,Yes,Travel_Rarely,Human Resources,Human Resources,1,5,Human Resources,2956,17,0,2,0,1,0,0,0,4,4,1,4,3,3,3,No,Far (16+ km),Mid Career (29-40),High (15-18%),Low,None,Low
29,Male,Divorced,13,Yes,Travel_Rarely,Human Resources,Human Resources,1,3,Human Resources,2335,15,3,4,4,2,2,2,0,3,1,1,2,3,4,3,Yes,Moderate (6-15km),Mid Career (29-40),High (15-18%),Low,High,Low
45,Female,Married,2,No,Non-Travel,Sales,Sales Executive,2,4,Life Sciences,5154,22,2,10,4,8,7,5,7,3,3,3,3,4,2,4,No,Close (0-5km),Experienced (41+),Top Tier (19-25%),High,Medium,Medium
36,Female,Married,2,No,Travel_Rarely,Research & Development,Research Scientist,2,4,Other,6962,22,1,15,4,1,0,0,0,2,4,2,3,4,4,3,Yes,Close (0-5km),Mid Career (29-40),Top Tier (19-25%),Medium,Low,High
43,Male,Married,2,No,Travel_Frequently,Sales,Sales Executive,2,4,Life Sciences,5675,20,1,7,1,7,7,7,7,5,1,4,3,4,3,3,No,Close (0-5km),Experienced (41+),Top Tier (19-25%),Very High,Low,Medium
27,Female,Single,5,No,Travel_Frequently,Research & Development,Laboratory Technician,1,2,Life Sciences,2379,14,0,6,0,5,4,0,2,3,4,4,3,3,3,2,Yes,Close (0-5km),Early Career (18-28),Standard (11-14%),Very High,None,Low
29,Male,Married,20,No,Travel_Frequently,Research & Development,Laboratory Technician,1,1,Medical,3812,13,0,11,1,11,8,3,10,3,4,4,3,3,2,4,No,Far (16+ km),Mid Career (29-40),Standard (11-14%),Very High,None,Medium
32,Male,Single,10,No,Travel_Frequently,Sales,Sales Executive,2,4,Marketing,4648,13,0,4,8,0,0,0,0,2,4,4,3,3,3,4,No,Moderate (6-15km),Mid Career (29-40),Standard (11-14%),Very High,None,Medium
42,Male,Married,10,No,Non-Travel,Research & Development,Research Scientist,1,4,Technical Degree,2936,22,2,10,3,6,3,3,3,1,3,3,3,4,2,2,No,Moderate (6-15km),Experienced (41+),Top Tier (19-25%),High,Medium,Low
47,Female,Single,9,No,Travel_Rarely,Research & Development,Laboratory Technician,1,4,Life Sciences,2105,12,0,7,4,2,2,2,0,2,2,3,3,3,3,3,No,Moderate (6-15km),Experienced (41+),Standard (11-14%),High,None,Low
46,Male,Divorced,2,No,Travel_Rarely,Research & Development,Manufacturing Director,3,2,Life Sciences,8578,14,1,12,3,9,8,4,7,4,4,4,3,3,3,2,No,Close (0-5km),Experienced (41+),Standard (11-14%),Very High,Low,High
28,Male,Divorced,1,No,Non-Travel,Human Resources,Human Resources,1,2,Life Sciences,2706,15,1,3,1,3,2,2,2,2,3,4,3,3,2,3,No,Close (0-5km),Early Career (18-28),High (15-18%),Very High,Low,Low
29,Male,Divorced,29,No,Travel_Rarely,Research & Development,Healthcare Representative,2,1,Life Sciences,6384,17,2,11,8,7,0,1,6,3,4,3,1,3,4,3,No,Far (16+ km),Mid Career (29-40),High (15-18%),High,Medium,Medium
42,Male,Single,8,No,Travel_Rarely,Research & Development,Laboratory Technician,1,3,Life Sciences,3968,13,0,8,4,0,0,0,0,3,4,3,3,3,4,3,No,Moderate (6-15km),Experienced (41+),Standard (11-14%),High,None,Medium
32,Male,Single,2,Yes,Travel_Rarely,Sales,Sales Executive,2,4,Marketing,9907,12,0,7,7,2,2,2,2,3,3,2,2,3,3,2,Yes,Close (0-5km),Mid Career (29-40),Standard (11-14%),Medium,None,High
46,Female,Divorced,3,No,Travel_Rarely,Sales,Sales Executive,4,3,Technical Degree,13225,12,1,25,2,19,17,2,8,5,1,1,4,3,4,3,No,Close (0-5km),Experienced (41+),Standard (11-14%),Low,Low,High
27,Female,Married,23,No,Travel_Rarely,Sales,Sales Representative,2,1,Medical,3540,21,1,9,1,9,8,5,8,5,2,3,2,4,4,3,No,Far (16+ km),Early Career (18-28),Top Tier (19-25%),High,Low,Low
29,Male,Married,6,No,Travel_Rarely,Human Resources,Human Resources,1,1,Medical,2804,11,0,1,1,1,0,0,0,3,4,2,2,3,4,3,No,Moderate (6-15km),Mid Career (29-40),Standard (11-14%),Medium,None,Low
43,Female,Married,6,No,Travel_Rarely,Research & Development,Manager,5,3,Medical,19392,13,0,21,7,16,12,6,14,2,1,3,2,3,4,3,No,Moderate (6-15km),Experienced (41+),Standard (11-14%),High,None,High
48,Male,Married,10,No,Travel_Rarely,Research & Development,Research Director,5,3,Life Sciences,19665,12,0,29,4,22,10,12,9,3,4,2,2,3,4,3,No,Moderate (6-15km),Experienced (41+),Standard (11-14%),Medium,None,High
29,Male,Single,24,Yes,Travel_Frequently,Research & Development,Research Scientist,1,2,Life Sciences,2439,24,0,1,1,1,0,1,0,3,4,4,2,4,2,2,Yes,Far (16+ km),Mid Career (29-40),Top Tier (19-25%),Very High,None,Low
46,Female,Married,10,Yes,Travel_Rarely,Sales,Sales Executive,3,3,Life Sciences,7314,21,3,14,5,8,7,0,7,2,3,2,3,4,3,3,No,Moderate (6-15km),Experienced (41+),Top Tier (19-25%),Medium,High,High
27,Female,Married,15,No,Travel_Frequently,Research & Development,Research Scientist,1,3,Life Sciences,4774,19,1,8,0,7,6,7,3,2,4,1,2,3,4,2,No,Moderate (6-15km),Early Career (18-28),Top Tier (19-25%),Low,Low,Medium
39,Male,Divorced,19,No,Travel_Rarely,Research & Development,Research Scientist,2,4,Other,3902,14,3,7,8,2,2,2,2,2,4,4,3,3,2,3,No,Far (16+ km),Mid Career (29-40),Standard (11-14%),Very High,High,Medium
55,Male,Married,2,No,Travel_Rarely,Research & Development,Research Scientist,1,4,Technical Degree,2662,20,1,19,8,5,2,0,4,2,2,4,2,4,2,4,No,Close (0-5km),Experienced (41+),Top Tier (19-25%),Very High,Low,Low
28,Female,Married,3,No,Travel_Rarely,Sales,Sales Representative,1,3,Medical,2856,19,1,1,1,1,0,0,0,3,2,2,3,3,4,3,No,Close (0-5km),Early Career (18-28),Top Tier (19-25%),Medium,Low,Low
30,Male,Single,9,Yes,Travel_Rarely,Sales,Sales Representative,1,3,Medical,1081,13,0,1,1,1,0,0,0,3,2,4,3,3,3,2,No,Moderate (6-15km),Mid Career (29-40),Standard (11-14%),Very High,None,Low
22,Male,Single,7,Yes,Travel_Rarely,Research & Development,Research Scientist,1,1,Life Sciences,2472,23,0,1,1,1,0,0,0,2,4,2,3,4,1,3,Yes,Moderate (6-15km),Early Career (18-28),Top Tier (19-25%),Medium,None,Low
36,Female,Married,10,No,Travel_Rarely,Sales,Sales Executive,2,4,Technical Degree,5673,13,1,10,1,10,9,1,7,4,2,3,2,3,1,3,Yes,Moderate (6-15km),Mid Career (29-40),Standard (11-14%),High,Low,Medium
31,Male,Divorced,20,No,Travel_Rarely,Research & Development,Laboratory Technician,2,3,Life Sciences,4197,11,1,10,1,10,8,0,2,2,2,3,3,3,1,3,No,Far (16+ km),Mid Career (29-40),Standard (11-14%),High,Low,Medium
34,Male,Married,4,No,Travel_Rarely,Sales,Sales Executive,3,3,Life Sciences,9713,13,3,9,2,5,3,1,0,3,3,4,3,3,4,3,Yes,Close (0-5km),Mid Career (29-40),Standard (11-14%),Very High,High,High
29,Male,Single,7,No,Travel_Rarely,Research & Development,Laboratory Technician,1,3,Life Sciences,2062,14,0,11,3,3,2,1,2,2,4,1,3,3,2,3,No,Moderate (6-15km),Mid Career (29-40),Standard (11-14%),Low,None,Low
37,Male,Married,7,No,Travel_Rarely,Research & Development,Research Scientist,2,4,Medical,4284,22,1,16,5,5,3,0,4,2,4,1,3,4,3,3,Yes,Moderate (6-15km),Mid Career (29-40),Top Tier (19-25%),Low,Low,Medium
35,Female,Married,16,No,Travel_Rarely,Research & Development,Manufacturing Director,2,2,Other,4788,11,0,4,0,3,2,0,2,2,4,2,2,3,4,3,Yes,Far (16+ km),Mid Career (29-40),Standard (11-14%),Medium,None,Medium
45,Female,Married,25,No,Travel_Rarely,Research & Development,Manufacturing Director,2,2,Life Sciences,5906,13,2,10,0,9,8,3,8,2,2,4,2,3,4,2,No,Far (16+ km),Experienced (41+),Standard (11-14%),Very High,Medium,Medium
36,Male,Single,2,No,Travel_Frequently,Human Resources,Human Resources,2,1,Human Resources,3886,21,0,10,1,10,1,0,8,2,2,4,2,4,4,2,No,Close (0-5km),Mid Career (29-40),Top Tier (19-25%),Very High,None,Medium
40,Male,Divorced,1,No,Travel_Rarely,Research & Development,Manager,4,4,Life Sciences,16823,11,1,22,2,19,7,11,16,3,1,1,3,3,1,3,No,Close (0-5km),Mid Career (29-40),Standard (11-14%),Low,Low,High
26,Female,Married,1,No,Travel_Rarely,Research & Development,Research Scientist,1,2,Life Sciences,2933,13,1,1,1,1,0,1,0,3,2,3,2,3,3,2,Yes,Close (0-5km),Early Career (18-28),Standard (11-14%),High,Low,Low
27,Female,Single,2,No,Travel_Rarely,Sales,Sales Executive,2,2,Medical,6500,14,0,9,0,8,7,0,7,5,1,3,4,3,2,2,No,Close (0-5km),Early Career (18-28),Standard (11-14%),High,None,Medium
48,Female,Divorced,22,No,Travel_Frequently,Research & Development,Manager,4,3,Medical,17174,11,1,24,3,22,17,4,7,3,4,4,3,3,2,3,No,Far (16+ km),Experienced (41+),Standard (11-14%),Very High,Low,High
44,Male,Married,1,No,Travel_Rarely,Research & Development,Healthcare Representative,2,4,Life Sciences,5033,15,1,10,2,2,0,2,2,5,2,1,4,3,4,3,No,Close (0-5km),Experienced (41+),High (15-18%),Low,Low,Medium
34,Male,Married,16,Yes,Non-Travel,Research & Development,Research Scientist,1,4,Technical Degree,2307,23,1,5,1,5,2,3,0,2,4,1,1,4,2,3,Yes,Far (16+ km),Mid Career (29-40),Top Tier (19-25%),Low,Low,Low
56,Male,Single,24,Yes,Travel_Rarely,Research & Development,Laboratory Technician,1,2,Life Sciences,2587,16,0,5,1,4,2,1,0,3,1,4,3,3,4,3,No,Far (16+ km),Experienced (41+),High (15-18%),Very High,None,Low
36,Male,Married,17,No,Travel_Rarely,Sales,Sales Executive,2,2,Marketing,5507,16,2,12,2,4,2,1,3,1,3,2,2,3,3,1,No,Far (16+ km),Mid Career (29-40),High (15-18%),Medium,Medium,Medium
41,Female,Married,8,No,Travel_Rarely,Sales,Sales Executive,2,3,Marketing,4393,21,1,14,5,5,4,1,4,3,3,2,3,4,3,3,No,Moderate (6-15km),Experienced (41+),Top Tier (19-25%),Medium,Low,Medium
42,Male,Married,6,No,Travel_Rarely,Research & Development,Research Director,3,3,Medical,13348,13,1,18,9,13,7,5,7,3,3,1,3,3,2,4,No,Moderate (6-15km),Experienced (41+),Standard (11-14%),Low,Low,High
31,Female,Divorced,10,No,Travel_Rarely,Sales,Sales Executive,2,2,Medical,6583,11,1,8,2,5,2,1,4,2,3,4,3,3,4,3,Yes,Moderate (6-15km),Mid Career (29-40),Standard (11-14%),Very High,Low,High
34,Female,Married,3,No,Travel_Rarely,Sales,Sales Executive,2,1,Medical,8103,12,0,9,3,4,2,0,1,3,4,4,2,3,3,2,Yes,Close (0-5km),Mid Career (29-40),Standard (11-14%),Very High,None,High
31,Female,Divorced,4,No,Travel_Rarely,Research & Development,Laboratory Technician,1,3,Medical,3978,12,1,4,8,2,2,2,2,0,1,3,4,3,2,2,No,Close (0-5km),Mid Career (29-40),Standard (11-14%),High,Low,Medium
26,Male,Married,6,No,Travel_Frequently,Research & Development,Laboratory Technician,1,3,Other,2544,18,1,8,0,7,7,7,7,3,3,4,4,3,1,3,No,Moderate (6-15km),Early Career (18-28),High (15-18%),Very High,Low,Low
45,Male,Single,1,No,Travel_Frequently,Research & Development,Healthcare Representative,2,4,Medical,5399,12,0,12,4,4,2,0,3,3,2,3,3,3,3,3,No,Close (0-5km),Experienced (41+),Standard (11-14%),High,None,Medium
33,Male,Single,10,No,Travel_Rarely,Sales,Sales Executive,2,4,Marketing,5487,14,0,10,1,10,4,0,9,2,2,3,3,3,2,2,No,Moderate (6-15km),Mid Career (29-40),Standard (11-14%),High,None,Medium
28,Male,Married,1,No,Travel_Frequently,Sales,Sales Executive,2,2,Life Sciences,6834,12,1,7,1,7,7,0,7,2,3,4,2,3,3,3,Yes,Close (0-5km),Early Career (18-28),Standard (11-14%),Very High,Low,High
29,Male,Single,24,Yes,Travel_Frequently,Sales,Sales Representative,1,3,Technical Degree,1091,17,0,1,1,1,0,0,0,3,3,1,4,3,4,3,No,Far (16+ km),Mid Career (29-40),High (15-18%),Low,None,Low
39,Female,Married,21,No,Non-Travel,Sales,Sales Executive,2,4,Life Sciences,5736,19,1,10,6,3,2,1,2,1,1,3,1,3,3,3,No,Far (16+ km),Mid Career (29-40),Top Tier (19-25%),High,Low,Medium
27,Male,Married,2,No,Travel_Rarely,Research & Development,Research Scientist,1,4,Technical Degree,2226,11,1,6,1,5,3,1,2,3,2,2,3,3,3,2,No,Close (0-5km),Early Career (18-28),Standard (11-14%),Medium,Low,Low
34,Male,Married,22,No,Travel_Frequently,Research & Development,Research Scientist,2,4,Other,5747,15,0,16,1,15,10,6,11,3,3,4,2,3,2,3,Yes,Far (16+ km),Mid Career (29-40),High (15-18%),Very High,None,Medium
28,Female,Single,13,Yes,Travel_Rarely,Sales,Sales Executive,2,2,Marketing,9854,11,0,6,3,2,0,2,2,0,4,3,3,3,4,3,Yes,Moderate (6-15km),Early Career (18-28),Standard (11-14%),High,None,High
47,Male,Married,14,No,Non-Travel,Research & Development,Research Scientist,2,4,Technical Degree,5467,18,1,16,8,8,7,1,7,4,3,2,3,3,3,4,No,Moderate (6-15km),Experienced (41+),High (15-18%),Medium,Low,Medium
56,Female,Married,11,No,Travel_Rarely,Sales,Sales Executive,2,5,Marketing,5380,16,1,6,4,0,0,0,0,3,4,1,2,3,3,3,No,Moderate (6-15km),Experienced (41+),High (15-18%),Low,Low,Medium
39,Male,Married,9,No,Travel_Rarely,Research & Development,Manufacturing Director,2,2,Medical,5151,25,1,10,1,10,0,7,9,3,1,1,3,4,4,3,No,Moderate (6-15km),Mid Career (29-40),Top Tier (19-25%),Low,Low,Medium
38,Female,Divorced,8,No,Travel_Frequently,Research & Development,Research Scientist,2,3,Medical,2133,16,1,20,1,20,11,0,7,3,4,2,2,3,3,3,Yes,Moderate (6-15km),Mid Career (29-40),High (15-18%),Medium,Low,Low
58,Female,Married,21,No,Travel_Rarely,Sales,Manager,4,3,Life Sciences,17875,13,1,29,4,1,0,0,0,2,4,4,3,3,3,2,Yes,Far (16+ km),Experienced (41+),Standard (11-14%),Very High,Low,High
32,Female,Single,5,Yes,Travel_Frequently,Research & Development,Research Scientist,1,2,Life Sciences,2432,14,0,8,3,4,1,0,3,2,1,3,4,3,1,3,Yes,Close (0-5km),Mid Career (29-40),Standard (11-14%),High,None,Low
38,Male,Divorced,9,No,Travel_Rarely,Research & Development,Research Scientist,1,2,Life Sciences,4771,19,2,10,2,5,2,0,3,0,2,4,3,3,4,4,No,Moderate (6-15km),Mid Career (29-40),Top Tier (19-25%),Very High,Medium,Medium
49,Male,Married,2,No,Travel_Frequently,Research & Development,Research Director,5,1,Life Sciences,19161,15,0,28,3,5,4,4,3,3,2,4,3,3,4,3,No,Close (0-5km),Experienced (41+),High (15-18%),Very High,None,High
42,Male,Divorced,12,No,Travel_Rarely,Sales,Sales Executive,2,4,Marketing,5087,12,2,14,3,0,0,0,0,4,2,4,3,3,3,3,Yes,Moderate (6-15km),Experienced (41+),Standard (11-14%),Very High,Medium,Medium
27,Female,Married,22,Yes,Travel_Frequently,Human Resources,Human Resources,1,3,Human Resources,2863,12,0,1,1,1,0,0,0,2,1,2,2,3,1,3,No,Far (16+ km),Early Career (18-28),Standard (11-14%),Medium,None,Low
35,Male,Married,18,No,Travel_Rarely,Sales,Sales Executive,2,4,Medical,5561,16,1,6,0,5,3,0,4,2,2,1,3,3,4,1,No,Far (16+ km),Mid Career (29-40),High (15-18%),Low,Low,Medium
28,Male,Single,16,No,Non-Travel,Research & Development,Research Scientist,1,3,Medical,2144,14,0,5,1,5,3,1,4,3,3,3,3,3,3,2,No,Far (16+ km),Early Career (18-28),Standard (11-14%),High,None,Low
31,Male,Divorced,3,No,Non-Travel,Research & Development,Research Scientist,1,2,Medical,3065,13,1,4,1,4,2,2,3,3,3,1,3,3,4,4,Yes,Close (0-5km),Mid Career (29-40),Standard (11-14%),Low,Low,Low
36,Male,Married,9,No,Non-Travel,Research & Development,Laboratory Technician,1,4,Life Sciences,2810,22,0,5,1,5,4,0,2,3,1,2,4,4,2,3,No,Moderate (6-15km),Mid Career (29-40),Top Tier (19-25%),Medium,None,Low
34,Male,Single,1,No,Travel_Rarely,Sales,Sales Executive,3,3,Marketing,9888,21,0,14,1,14,8,2,1,3,1,4,3,4,1,2,No,Close (0-5km),Mid Career (29-40),Top Tier (19-25%),Very High,None,High
34,Male,Divorced,13,No,Travel_Rarely,Sales,Sales Executive,3,4,Medical,8628,18,1,9,1,8,7,1,1,2,4,3,3,3,3,2,No,Moderate (6-15km),Mid Career (29-40),High (15-18%),High,Low,High
26,Male,Single,1,No,Travel_Rarely,Research & Development,Laboratory Technician,1,3,Medical,2867,13,0,8,0,7,7,7,6,6,3,1,3,3,4,2,No,Close (0-5km),Early Career (18-28),Standard (11-14%),Low,None,Low
29,Male,Married,1,No,Travel_Rarely,Research & Development,Healthcare Representative,2,3,Life Sciences,5373,12,1,6,0,5,3,0,2,5,1,1,3,3,1,2,No,Close (0-5km),Mid Career (29-40),Standard (11-14%),Low,Low,Medium
32,Female,Divorced,15,No,Non-Travel,Research & Development,Healthcare Representative,2,4,Medical,6667,18,1,9,5,5,1,1,2,6,3,4,3,3,2,3,No,Moderate (6-15km),Mid Career (29-40),High (15-18%),Very High,Low,High
31,Male,Married,1,No,Travel_Frequently,Research & Development,Research Scientist,2,3,Life Sciences,5003,21,0,10,1,10,8,8,7,6,4,1,1,4,2,3,No,Close (0-5km),Mid Career (29-40),Top Tier (19-25%),Low,None,Medium
28,Male,Divorced,17,Yes,Travel_Rarely,Research & Development,Laboratory Technician,1,3,Technical Degree,2367,12,1,6,5,4,1,0,3,2,3,4,2,3,1,2,No,Far (16+ km),Early Career (18-28),Standard (11-14%),Very High,Low,Low
38,Male,Single,1,No,Travel_Rarely,Sales,Sales Representative,1,3,Life Sciences,2858,14,0,20,4,1,0,0,0,3,1,1,2,3,1,2,No,Close (0-5km),Mid Career (29-40),Standard (11-14%),Low,None,Low
35,Female,Married,7,No,Travel_Rarely,Sales,Sales Executive,2,4,Life Sciences,5204,11,0,10,1,10,8,0,9,2,3,4,3,3,4,3,Yes,Moderate (6-15km),Mid Career (29-40),Standard (11-14%),Very High,None,Medium
27,Male,Single,9,No,Travel_Rarely,Sales,Sales Executive,2,3,Marketing,4105,14,0,7,1,7,7,0,7,5,4,4,3,3,1,3,No,Moderate (6-15km),Early Career (18-28),Standard (11-14%),Very High,None,Medium
32,Male,Single,5,No,Travel_Rarely,Research & Development,Manufacturing Director,2,4,Life Sciences,9679,24,0,8,8,1,0,0,0,1,4,4,2,4,2,3,No,Close (0-5km),Mid Career (29-40),Top Tier (19-25%),Very High,None,High
31,Male,Married,26,Yes,Travel_Frequently,Sales,Sales Executive,2,4,Marketing,5617,11,0,10,1,10,7,0,8,4,1,4,3,3,3,3,Yes,Far (16+ km),Mid Career (29-40),Standard (11-14%),Very High,None,Medium
53,Male,Single,24,Yes,Travel_Rarely,Sales,Sales Executive,3,4,Life Sciences,10448,13,0,15,6,2,2,2,2,2,1,1,3,3,2,2,Yes,Far (16+ km),Experienced (41+),Standard (11-14%),Low,None,High
54,Female,Married,9,No,Travel_Rarely,Research & Development,Research Scientist,2,2,Life Sciences,2897,11,2,9,3,4,3,2,3,6,1,3,3,3,3,2,No,Moderate (6-15km),Experienced (41+),Standard (11-14%),High,Medium,Low
33,Male,Divorced,7,No,Travel_Frequently,Research & Development,Healthcare Representative,2,2,Life Sciences,5968,20,3,9,1,9,7,2,8,2,4,3,3,4,3,3,No,Moderate (6-15km),Mid Career (29-40),Top Tier (19-25%),High,High,Medium
43,Male,Married,11,No,Travel_Rarely,Research & Development,Healthcare Representative,3,3,Life Sciences,7510,17,1,10,1,10,9,0,9,1,1,3,3,3,2,3,No,Moderate (6-15km),Experienced (41+),High (15-18%),High,Low,High
38,Male,Married,1,No,Travel_Frequently,Human Resources,Human Resources,1,4,Other,2991,11,1,7,0,6,2,1,2,2,4,2,3,3,2,3,Yes,Close (0-5km),Mid Career (29-40),Standard (11-14%),Medium,Low,Low
55,Male,Married,26,No,Travel_Rarely,Human Resources,Manager,5,4,Human Resources,19636,18,1,35,4,10,9,1,4,0,3,2,4,3,1,3,Yes,Far (16+ km),Experienced (41+),High (15-18%),Medium,Low,High
31,Female,Divorced,2,No,Travel_Rarely,Research & Development,Laboratory Technician,1,1,Medical,1129,11,3,1,1,1,0,0,0,4,4,4,1,3,3,3,Yes,Close (0-5km),Mid Career (29-40),Standard (11-14%),Very High,High,Low
39,Male,Single,15,No,Travel_Rarely,Sales,Sales Executive,4,4,Marketing,13341,12,0,21,0,20,8,11,10,3,2,1,3,3,1,3,No,Moderate (6-15km),Mid Career (29-40),Standard (11-14%),Low,None,High
42,Male,Single,23,No,Non-Travel,Research & Development,Research Scientist,2,2,Life Sciences,4332,12,0,20,1,20,9,3,7,2,4,3,2,3,4,3,No,Far (16+ km),Experienced (41+),Standard (11-14%),High,None,Medium
31,Female,Married,10,No,Non-Travel,Research & Development,Research Director,3,3,Medical,11031,20,1,13,4,11,7,4,8,2,3,3,3,4,3,4,No,Moderate (6-15km),Mid Career (29-40),Top Tier (19-25%),High,Low,High
54,Female,Single,10,No,Travel_Rarely,Research & Development,Manufacturing Director,2,3,Medical,4440,19,0,9,6,5,2,1,4,3,3,1,3,3,4,3,Yes,Moderate (6-15km),Experienced (41+),Top Tier (19-25%),Low,None,Medium
24,Male,Single,1,No,Travel_Rarely,Research & Development,Healthcare Representative,2,2,Life Sciences,4617,12,0,4,1,4,3,1,2,2,2,3,2,3,2,2,No,Close (0-5km),Early Career (18-28),Standard (11-14%),High,None,Medium
23,Male,Single,12,No,Travel_Rarely,Research & Development,Laboratory Technician,1,2,Other,2647,13,0,5,1,5,2,1,4,6,4,4,3,3,3,4,No,Moderate (6-15km),Early Career (18-28),Standard (11-14%),Very High,None,Low
40,Female,Married,11,No,Travel_Frequently,Research & Development,Laboratory Technician,2,3,Technical Degree,6323,11,1,10,1,10,9,9,4,2,4,3,3,3,1,4,No,Moderate (6-15km),Mid Career (29-40),Standard (11-14%),High,Low,Medium
40,Female,Married,2,No,Travel_Rarely,Sales,Sales Executive,2,2,Marketing,5677,14,1,15,3,11,8,5,10,4,2,2,3,3,3,3,No,Close (0-5km),Mid Career (29-40),Standard (11-14%),Medium,Low,Medium
25,Female,Married,2,No,Travel_Rarely,Human Resources,Human Resources,1,3,Human Resources,2187,14,0,6,4,2,0,1,2,3,3,2,3,3,3,3,No,Close (0-5km),Early Career (18-28),Standard (11-14%),Medium,None,Low
30,Male,Married,1,No,Travel_Rarely,Research & Development,Laboratory Technician,1,2,Medical,3748,13,0,12,1,12,8,1,7,6,4,2,3,3,3,2,No,Close (0-5km),Mid Career (29-40),Standard (11-14%),Medium,None,Medium
25,Male,Divorced,2,No,Travel_Rarely,Research & Development,Laboratory Technician,1,1,Other,3977,19,1,7,6,2,2,0,2,2,4,3,3,3,3,2,Yes,Close (0-5km),Early Career (18-28),Top Tier (19-25%),High,Low,Medium
47,Male,Single,25,No,Travel_Rarely,Research & Development,Healthcare Representative,3,3,Medical,8633,23,0,25,2,17,14,12,11,3,1,3,3,4,2,3,No,Far (16+ km),Experienced (41+),Top Tier (19-25%),High,None,High
33,Male,Divorced,1,No,Non-Travel,Research & Development,Laboratory Technician,1,2,Medical,2008,12,3,1,1,1,1,0,0,2,2,3,2,3,3,2,No,Close (0-5km),Mid Career (29-40),Standard (11-14%),High,High,Low
38,Male,Married,1,No,Travel_Rarely,Sales,Sales Executive,2,4,Life Sciences,4440,15,2,16,0,15,13,5,8,3,4,2,3,3,1,3,No,Close (0-5km),Mid Career (29-40),High (15-18%),Medium,Medium,Medium
31,Male,Married,2,No,Travel_Rarely,Sales,Sales Representative,1,2,Life Sciences,3067,19,1,3,0,2,2,1,2,1,1,3,3,3,3,3,No,Close (0-5km),Mid Career (29-40),Top Tier (19-25%),High,Low,Low
38,Male,Married,6,No,Travel_Frequently,Research & Development,Manufacturing Director,2,4,Life Sciences,5321,11,1,10,2,8,3,7,7,1,1,3,2,3,4,3,No,Moderate (6-15km),Mid Career (29-40),Standard (11-14%),High,Low,Medium
42,Male,Divorced,18,No,Travel_Rarely,Research & Development,Research Scientist,2,4,Life Sciences,5410,17,1,9,6,4,3,1,2,3,4,1,3,3,3,2,Yes,Far (16+ km),Experienced (41+),High (15-18%),Low,Low,Medium
41,Male,Married,1,No,Travel_Rarely,Research & Development,Research Scientist,1,3,Life Sciences,2782,22,1,12,3,5,3,1,0,3,4,4,3,4,1,3,No,Close (0-5km),Experienced (41+),Top Tier (19-25%),Very High,Low,Low
47,Female,Married,1,No,Non-Travel,Research & Development,Research Director,3,1,Medical,11957,18,2,14,0,13,8,5,12,3,3,2,3,3,1,1,No,Close (0-5km),Experienced (41+),High (15-18%),Medium,Medium,High
35,Male,Married,11,No,Travel_Rarely,Research & Development,Laboratory Technician,1,4,Medical,2660,11,1,5,7,2,2,2,2,3,4,3,3,3,3,3,Yes,Moderate (6-15km),Mid Career (29-40),Standard (11-14%),High,Low,Low
22,Male,Single,1,No,Travel_Rarely,Research & Development,Research Scientist,1,2,Life Sciences,3375,12,0,4,0,3,2,1,2,2,4,3,3,3,4,4,No,Close (0-5km),Early Career (18-28),Standard (11-14%),High,None,Low
35,Male,Single,9,No,Travel_Rarely,Research & Development,Research Scientist,2,4,Medical,5098,19,0,10,1,10,7,0,8,5,2,3,3,3,2,3,No,Moderate (6-15km),Mid Career (29-40),Top Tier (19-25%),High,None,Medium
33,Female,Married,15,No,Travel_Rarely,Research & Development,Healthcare Representative,2,2,Medical,4878,13,1,10,0,9,7,8,1,6,2,4,3,3,1,3,Yes,Moderate (6-15km),Mid Career (29-40),Standard (11-14%),Very High,Low,Medium
32,Female,Single,29,No,Travel_Rarely,Research & Development,Laboratory Technician,1,4,Life Sciences,2837,13,0,6,1,6,2,4,1,3,3,2,2,3,3,3,No,Far (16+ km),Mid Career (29-40),Standard (11-14%),Medium,None,Low
40,Male,Married,1,No,Travel_Rarely,Research & Development,Laboratory Technician,1,4,Life Sciences,2406,19,2,8,8,1,0,0,0,3,1,4,3,3,3,2,No,Close (0-5km),Mid Career (29-40),Top Tier (19-25%),Very High,Medium,Low
32,Male,Married,1,No,Travel_Rarely,Sales,Sales Representative,1,4,Medical,2269,14,1,3,0,2,2,2,2,2,2,2,2,3,2,3,No,Close (0-5km),Mid Career (29-40),Standard (11-14%),Medium,Low,Low
39,Male,Single,24,No,Travel_Rarely,Research & Development,Research Scientist,2,1,Life Sciences,4108,13,0,18,7,7,7,1,7,2,1,4,3,3,1,3,No,Far (16+ km),Mid Career (29-40),Standard (11-14%),Very High,None,Medium
38,Female,Married,10,No,Travel_Rarely,Research & Development,Research Director,3,3,Medical,13206,12,1,20,3,18,16,1,11,3,2,3,1,3,1,3,No,Moderate (6-15km),Mid Career (29-40),Standard (11-14%),High,Low,High
32,Female,Married,1,No,Travel_Rarely,Sales,Sales Executive,3,4,Marketing,10422,19,2,14,1,14,10,5,7,3,3,4,3,3,3,3,No,Close (0-5km),Mid Career (29-40),Top Tier (19-25%),Very High,Medium,High
37,Female,Married,10,No,Travel_Rarely,Research & Development,Research Director,3,3,Life Sciences,13744,25,1,16,1,16,11,6,8,2,3,4,4,4,1,3,Yes,Moderate (6-15km),Mid Career (29-40),Top Tier (19-25%),Very High,Low,High
25,Female,Divorced,8,No,Travel_Rarely,Sales,Sales Executive,2,2,Other,4907,22,1,6,0,5,3,0,4,3,1,3,3,4,2,2,Yes,Moderate (6-15km),Early Career (18-28),Top Tier (19-25%),High,Low,Medium
52,Male,Divorced,29,No,Non-Travel,Sales,Sales Representative,1,4,Life Sciences,3482,15,2,16,2,9,8,0,0,3,1,4,3,3,2,2,No,Far (16+ km),Experienced (41+),High (15-18%),Very High,Medium,Low
44,Male,Single,1,No,Travel_Rarely,Research & Development,Research Scientist,1,3,Medical,2436,12,0,6,6,4,3,1,2,2,2,4,3,3,3,3,Yes,Close (0-5km),Experienced (41+),Standard (11-14%),Very High,None,Low
21,Male,Single,5,No,Travel_Rarely,Sales,Sales Representative,1,1,Medical,2380,11,0,2,1,2,2,1,2,6,3,1,3,3,4,3,Yes,Close (0-5km),Early Career (18-28),Standard (11-14%),Low,None,Low
39,Male,Single,9,No,Non-Travel,Research & Development,Manager,5,3,Life Sciences,19431,13,0,21,2,6,0,1,3,3,4,4,3,3,3,2,No,Moderate (6-15km),Mid Career (29-40),Standard (11-14%),Very High,None,High
23,Male,Married,9,Yes,Travel_Frequently,Sales,Sales Representative,1,3,Marketing,1790,19,1,1,1,1,0,1,0,3,4,1,3,3,1,2,No,Moderate (6-15km),Early Career (18-28),Top Tier (19-25%),Low,Low,Low
36,Female,Married,3,No,Travel_Rarely,Sales,Sales Executive,3,3,Medical,7644,19,2,10,0,9,7,3,4,2,1,4,2,3,3,3,No,Close (0-5km),Mid Career (29-40),Top Tier (19-25%),Very High,Medium,High
36,Female,Divorced,4,No,Travel_Frequently,Research & Development,Manufacturing Director,2,2,Life Sciences,5131,13,3,18,7,4,2,0,2,3,4,2,3,3,2,3,No,Close (0-5km),Mid Career (29-40),Standard (11-14%),Medium,High,Medium
56,Male,Divorced,1,No,Non-Travel,Research & Development,Healthcare Representative,2,4,Life Sciences,6306,21,1,13,1,13,12,1,9,2,3,3,3,4,1,2,No,Close (0-5km),Experienced (41+),Top Tier (19-25%),High,Low,Medium
29,Male,Married,1,Yes,Travel_Rarely,Research & Development,Research Scientist,1,4,Medical,4787,14,3,4,9,2,2,2,2,3,1,4,3,3,2,4,Yes,Close (0-5km),Mid Career (29-40),Standard (11-14%),Very High,High,Medium
42,Male,Married,2,No,Travel_Rarely,Research & Development,Manager,5,3,Life Sciences,18880,11,0,24,5,22,6,4,14,2,1,3,3,3,1,2,No,Close (0-5km),Experienced (41+),Standard (11-14%),High,None,High
56,Male,Married,7,Yes,Travel_Rarely,Research & Development,Laboratory Technician,1,2,Technical Degree,2339,11,1,14,8,10,9,9,8,4,4,3,3,3,4,1,No,Moderate (6-15km),Experienced (41+),Standard (11-14%),High,Low,Low
41,Female,Married,28,No,Travel_Rarely,Research & Development,Manufacturing Director,4,4,Life Sciences,13570,23,1,21,0,20,7,0,10,3,1,2,2,4,3,3,No,Far (16+ km),Experienced (41+),Top Tier (19-25%),Medium,Low,High
34,Female,Married,28,No,Travel_Rarely,Sales,Sales Executive,2,3,Marketing,6712,21,2,8,1,8,7,1,7,2,4,3,2,4,4,3,No,Far (16+ km),Mid Career (29-40),Top Tier (19-25%),High,Medium,High
36,Male,Divorced,15,No,Non-Travel,Sales,Sales Executive,2,4,Marketing,5406,24,1,15,1,15,12,11,11,4,4,4,1,4,1,2,No,Moderate (6-15km),Mid Career (29-40),Top Tier (19-25%),Very High,Low,Medium
41,Male,Divorced,3,No,Travel_Rarely,Sales,Sales Executive,2,3,Life Sciences,8938,11,1,14,2,5,4,0,4,5,3,2,2,3,3,3,No,Close (0-5km),Experienced (41+),Standard (11-14%),Medium,Low,High
32,Male,Single,2,No,Travel_Rarely,Research & Development,Research Scientist,1,3,Technical Degree,2439,14,0,4,1,4,2,1,2,4,4,1,3,3,4,3,No,Close (0-5km),Mid Career (29-40),Standard (11-14%),Low,None,Low
35,Female,Single,26,No,Travel_Rarely,Human Resources,Human Resources,3,4,Life Sciences,8837,16,0,9,1,9,0,1,7,2,3,4,3,3,3,3,Yes,Far (16+ km),Mid Career (29-40),High (15-18%),Very High,None,High
38,Female,Married,10,No,Travel_Rarely,Sales,Sales Executive,2,2,Life Sciences,5343,11,1,10,1,10,7,1,9,1,1,4,3,3,3,3,No,Moderate (6-15km),Mid Career (29-40),Standard (11-14%),Very High,Low,Medium
50,Male,Divorced,1,Yes,Travel_Frequently,Sales,Sales Executive,2,4,Life Sciences,6728,12,2,12,7,6,3,0,1,3,2,3,3,3,4,3,No,Close (0-5km),Experienced (41+),Standard (11-14%),High,Medium,High
36,Female,Married,11,No,Travel_Rarely,Sales,Sales Executive,2,4,Marketing,6652,13,1,8,4,6,3,0,0,2,2,4,2,3,1,2,No,Moderate (6-15km),Mid Career (29-40),Standard (11-14%),Very High,Low,High
45,Female,Single,20,No,Travel_Rarely,Sales,Sales Executive,2,3,Life Sciences,4850,15,0,8,8,5,3,0,1,3,4,3,3,3,3,3,No,Far (16+ km),Experienced (41+),High (15-18%),High,None,Medium
40,Male,Single,2,No,Travel_Rarely,Research & Development,Research Scientist,1,4,Life Sciences,2809,14,0,8,2,2,2,2,2,2,3,3,2,3,4,3,No,Close (0-5km),Mid Career (29-40),Standard (11-14%),High,None,Low
35,Male,Married,18,No,Travel_Frequently,Research & Development,Healthcare Representative,2,4,Life Sciences,5689,14,2,10,1,10,2,0,2,2,3,3,3,3,4,4,Yes,Far (16+ km),Mid Career (29-40),Standard (11-14%),High,Medium,Medium
40,Female,Married,2,No,Travel_Rarely,Research & Development,Research Scientist,1,4,Medical,2001,14,3,20,2,5,3,0,2,2,3,3,3,3,2,3,No,Close (0-5km),Mid Career (29-40),Standard (11-14%),High,High,Low
35,Female,Married,1,No,Travel_Rarely,Research & Development,Research Scientist,1,4,Life Sciences,2977,12,1,4,1,4,3,1,1,5,3,4,1,3,4,3,No,Close (0-5km),Mid Career (29-40),Standard (11-14%),Very High,Low,Low
29,Male,Married,13,No,Travel_Rarely,Research & Development,Laboratory Technician,2,2,Other,4025,13,1,10,4,4,3,0,3,2,4,2,2,3,1,3,Yes,Moderate (6-15km),Mid Career (29-40),Standard (11-14%),Medium,Low,Medium
29,Female,Single,28,No,Travel_Rarely,Research & Development,Research Scientist,1,4,Medical,3785,14,0,5,1,5,4,0,4,3,4,1,2,3,2,1,No,Far (16+ km),Mid Career (29-40),Standard (11-14%),Low,None,Medium
50,Male,Divorced,28,Yes,Travel_Rarely,Sales,Sales Executive,3,3,Marketing,10854,13,1,20,4,3,2,2,0,3,4,1,2,3,2,3,Yes,Far (16+ km),Experienced (41+),Standard (11-14%),Low,Low,High
39,Female,Married,24,No,Travel_Rarely,Sales,Sales Executive,4,1,Marketing,12031,11,1,21,0,20,9,9,6,2,2,4,2,3,1,2,No,Far (16+ km),Mid Career (29-40),Standard (11-14%),Very High,Low,High
31,Male,Single,5,No,Non-Travel,Research & Development,Manufacturing Director,2,3,Medical,9936,19,0,10,0,9,4,1,7,2,2,1,3,3,2,3,No,Close (0-5km),Mid Career (29-40),Top Tier (19-25%),Low,None,High
26,Female,Single,5,No,Travel_Rarely,Sales,Sales Representative,1,3,Other,2966,18,0,5,0,4,2,0,0,2,4,3,2,3,4,3,No,Close (0-5km),Early Career (18-28),High (15-18%),High,None,Low
36,Male,Married,23,No,Travel_Frequently,Research & Development,Laboratory Technician,2,2,Medical,2571,17,1,17,4,5,2,0,3,3,3,4,4,3,3,3,No,Far (16+ km),Mid Career (29-40),High (15-18%),Very High,Low,Low
39,Male,Married,6,No,Travel_Rarely,Research & Development,Healthcare Representative,3,1,Medical,9991,15,1,9,4,7,7,1,7,5,4,1,2,3,1,3,No,Moderate (6-15km),Mid Career (29-40),High (15-18%),Low,Low,High
27,Male,Married,4,No,Travel_Rarely,Research & Development,Manufacturing Director,2,3,Life Sciences,6142,20,1,6,1,6,2,0,3,0,2,2,4,4,2,3,Yes,Close (0-5km),Early Career (18-28),Top Tier (19-25%),Medium,Low,Medium
49,Male,Married,2,No,Travel_Frequently,Sales,Sales Executive,2,3,Medical,5390,14,0,17,2,9,6,0,8,3,4,2,2,3,4,2,No,Close (0-5km),Experienced (41+),Standard (11-14%),Medium,None,Medium
34,Male,Married,8,No,Travel_Rarely,Research & Development,Laboratory Technician,2,3,Medical,4404,12,0,6,2,4,3,1,2,3,2,3,4,3,1,4,No,Moderate (6-15km),Mid Career (29-40),Standard (11-14%),High,None,Medium
